first_week_day,last_week_day,age_group,gender,weekly_tests_num,weekly_newly_tested,weekly_cases,weekly_deceased,
15/03/2020,21/03/2020,0-19,לא ידוע,22,22,0,0,
15/03/2020,21/03/2020,0-19,זכר,1075,1027,34,0,
15/03/2020,21/03/2020,0-19,נקבה,885,848,35,0,
15/03/2020,21/03/2020,20-24,זכר,708,661,105,0,
15/03/2020,21/03/2020,20-24,לא ידוע,<15,<15,0,0,
15/03/2020,21/03/2020,20-24,נקבה,623,605,35,0,
15/03/2020,21/03/2020,25-29,זכר,597,571,50,0,
15/03/2020,21/03/2020,25-29,לא ידוע,0,0,0,0,
15/03/2020,21/03/2020,25-29,נקבה,738,707,49,0,Fuente: https://data.gov.il/dataset/covid-19/resource/89f61e3a-4866-4bbf-bcc1-9734e5fee58e
15/03/2020,21/03/2020,30-34,זכר,657,601,69,0,
15/03/2020,21/03/2020,30-34,לא ידוע,<15,<15,0,0,
15/03/2020,21/03/2020,30-34,נקבה,721,657,40,0,
15/03/2020,21/03/2020,35-39,זכר,571,529,51,0,
15/03/2020,21/03/2020,35-39,לא ידוע,<15,<15,0,0,
15/03/2020,21/03/2020,35-39,נקבה,524,498,25,0,
15/03/2020,21/03/2020,40-44,לא ידוע,<15,<15,0,0,
15/03/2020,21/03/2020,40-44,נקבה,478,435,21,0,
15/03/2020,21/03/2020,40-44,זכר,428,395,34,0,
15/03/2020,21/03/2020,45-49,נקבה,392,375,15,0,
15/03/2020,21/03/2020,45-49,לא ידוע,<15,<15,0,0,
15/03/2020,21/03/2020,45-49,זכר,373,331,43,0,
15/03/2020,21/03/2020,50-54,זכר,305,276,33,0,
15/03/2020,21/03/2020,50-54,נקבה,391,368,27,0,
15/03/2020,21/03/2020,50-54,לא ידוע,<15,<15,0,0,
15/03/2020,21/03/2020,55-59,לא ידוע,<15,<15,0,0,
15/03/2020,21/03/2020,55-59,זכר,211,188,25,0,
15/03/2020,21/03/2020,55-59,נקבה,355,328,28,0,
15/03/2020,21/03/2020,60-64,לא ידוע,0,0,0,0,
15/03/2020,21/03/2020,60-64,נקבה,309,290,25,0,
15/03/2020,21/03/2020,60-64,זכר,250,224,24,0,
15/03/2020,21/03/2020,65-69,לא ידוע,0,0,0,0,
15/03/2020,21/03/2020,65-69,זכר,276,240,36,0,
15/03/2020,21/03/2020,65-69,נקבה,238,212,15,0,
15/03/2020,21/03/2020,70-74,נקבה,171,151,20,0,
15/03/2020,21/03/2020,70-74,זכר,210,179,27,0,
15/03/2020,21/03/2020,70-74,לא ידוע,<15,<15,0,0,
15/03/2020,21/03/2020,75-79,נקבה,88,81,<15,0,
15/03/2020,21/03/2020,75-79,לא ידוע,0,0,0,0,
15/03/2020,21/03/2020,75-79,זכר,123,107,<15,0,
15/03/2020,21/03/2020,80+,זכר,192,170,<15,<15,
15/03/2020,21/03/2020,80+,נקבה,238,203,<15,0,
15/03/2020,21/03/2020,80+,לא ידוע,0,0,0,0,
15/03/2020,21/03/2020,NULL,זכר,242,225,<15,0,
15/03/2020,21/03/2020,NULL,נקבה,250,223,<15,0,
15/03/2020,21/03/2020,NULL,לא ידוע,119,96,32,0,
22/03/2020,28/03/2020,0-19,לא ידוע,45,44,0,0,
22/03/2020,28/03/2020,0-19,זכר,2428,2282,184,0,
22/03/2020,28/03/2020,0-19,נקבה,2202,2064,161,0,
22/03/2020,28/03/2020,20-24,זכר,2064,1882,219,0,
22/03/2020,28/03/2020,20-24,לא ידוע,79,79,0,0,
22/03/2020,28/03/2020,20-24,נקבה,2118,1997,154,0,
22/03/2020,28/03/2020,25-29,זכר,2035,1892,171,0,
22/03/2020,28/03/2020,25-29,לא ידוע,36,36,<15,0,
22/03/2020,28/03/2020,25-29,נקבה,2173,2012,116,0,
22/03/2020,28/03/2020,30-34,זכר,1858,1682,132,0,
22/03/2020,28/03/2020,30-34,לא ידוע,22,22,0,0,
22/03/2020,28/03/2020,30-34,נקבה,1805,1646,117,0,
22/03/2020,28/03/2020,35-39,זכר,1583,1407,124,0,
22/03/2020,28/03/2020,35-39,לא ידוע,<15,<15,0,0,
22/03/2020,28/03/2020,35-39,נקבה,1536,1433,79,0,
22/03/2020,28/03/2020,40-44,לא ידוע,<15,<15,0,0,
22/03/2020,28/03/2020,40-44,נקבה,1276,1175,74,0,
22/03/2020,28/03/2020,40-44,זכר,1210,1108,94,0,
22/03/2020,28/03/2020,45-49,נקבה,1205,1131,82,0,
22/03/2020,28/03/2020,45-49,לא ידוע,<15,<15,0,0,
22/03/2020,28/03/2020,45-49,זכר,1075,975,128,0,
22/03/2020,28/03/2020,50-54,זכר,801,732,119,0,
22/03/2020,28/03/2020,50-54,נקבה,1138,1048,102,0,
22/03/2020,28/03/2020,50-54,לא ידוע,<15,<15,0,0,
22/03/2020,28/03/2020,55-59,לא ידוע,<15,<15,<15,0,
22/03/2020,28/03/2020,55-59,זכר,782,722,142,0,
22/03/2020,28/03/2020,55-59,נקבה,1058,960,82,0,
22/03/2020,28/03/2020,60-64,לא ידוע,<15,<15,0,0,
22/03/2020,28/03/2020,60-64,נקבה,936,864,80,0,
22/03/2020,28/03/2020,60-64,זכר,910,815,125,<15,
22/03/2020,28/03/2020,65-69,לא ידוע,<15,<15,0,0,
22/03/2020,28/03/2020,65-69,זכר,697,624,89,0,
22/03/2020,28/03/2020,65-69,נקבה,602,554,59,<15,
22/03/2020,28/03/2020,70-74,נקבה,458,387,42,0,
22/03/2020,28/03/2020,70-74,זכר,482,416,68,<15,
22/03/2020,28/03/2020,70-74,לא ידוע,<15,<15,0,0,
22/03/2020,28/03/2020,75-79,נקבה,254,217,21,0,
22/03/2020,28/03/2020,75-79,לא ידוע,<15,<15,0,0,
22/03/2020,28/03/2020,75-79,זכר,309,258,47,<15,
22/03/2020,28/03/2020,80+,זכר,476,407,37,<15,
22/03/2020,28/03/2020,80+,נקבה,711,623,35,<15,
22/03/2020,28/03/2020,80+,לא ידוע,<15,<15,0,0,
22/03/2020,28/03/2020,NULL,זכר,529,482,24,0,
22/03/2020,28/03/2020,NULL,נקבה,448,376,<15,0,
22/03/2020,28/03/2020,NULL,לא ידוע,283,231,31,0,
29/03/2020,04/04/2020,0-19,לא ידוע,46,46,<15,0,
29/03/2020,04/04/2020,0-19,זכר,3524,3185,361,0,
29/03/2020,04/04/2020,0-19,נקבה,3114,2807,310,0,
29/03/2020,04/04/2020,20-24,זכר,4743,4155,335,0,
29/03/2020,04/04/2020,20-24,לא ידוע,37,35,0,0,
29/03/2020,04/04/2020,20-24,נקבה,4074,3710,238,0,
29/03/2020,04/04/2020,25-29,זכר,3358,2981,239,0,
29/03/2020,04/04/2020,25-29,לא ידוע,21,21,0,0,
29/03/2020,04/04/2020,25-29,נקבה,2954,2524,168,0,
29/03/2020,04/04/2020,30-34,זכר,3082,2602,196,0,
29/03/2020,04/04/2020,30-34,לא ידוע,17,16,0,0,
29/03/2020,04/04/2020,30-34,נקבה,2704,2339,112,0,
29/03/2020,04/04/2020,35-39,זכר,2670,2248,150,0,
29/03/2020,04/04/2020,35-39,לא ידוע,<15,<15,0,0,
29/03/2020,04/04/2020,35-39,נקבה,2219,1910,104,0,
29/03/2020,04/04/2020,40-44,לא ידוע,<15,<15,0,0,
29/03/2020,04/04/2020,40-44,נקבה,2106,1817,115,0,
29/03/2020,04/04/2020,40-44,זכר,2154,1828,182,0,
29/03/2020,04/04/2020,45-49,נקבה,2021,1761,107,0,
29/03/2020,04/04/2020,45-49,לא ידוע,<15,<15,0,0,
29/03/2020,04/04/2020,45-49,זכר,1929,1620,165,0,
29/03/2020,04/04/2020,50-54,זכר,1617,1365,140,0,
29/03/2020,04/04/2020,50-54,נקבה,1896,1628,103,<15,
29/03/2020,04/04/2020,50-54,לא ידוע,<15,<15,0,0,
29/03/2020,04/04/2020,55-59,לא ידוע,<15,<15,0,0,
29/03/2020,04/04/2020,55-59,זכר,1502,1277,155,0,
29/03/2020,04/04/2020,55-59,נקבה,1770,1521,131,0,
29/03/2020,04/04/2020,60-64,לא ידוע,<15,<15,0,0,
29/03/2020,04/04/2020,60-64,נקבה,1403,1219,105,0,
29/03/2020,04/04/2020,60-64,זכר,1474,1249,148,0,
29/03/2020,04/04/2020,65-69,לא ידוע,<15,<15,0,0,
29/03/2020,04/04/2020,65-69,זכר,1216,977,136,<15,
29/03/2020,04/04/2020,65-69,נקבה,901,785,79,<15,
29/03/2020,04/04/2020,70-74,נקבה,654,562,57,<15,
29/03/2020,04/04/2020,70-74,זכר,806,654,97,<15,
29/03/2020,04/04/2020,70-74,לא ידוע,<15,<15,0,0,
29/03/2020,04/04/2020,75-79,נקבה,388,319,37,0,
29/03/2020,04/04/2020,75-79,לא ידוע,<15,<15,0,0,
29/03/2020,04/04/2020,75-79,זכר,449,339,57,<15,
29/03/2020,04/04/2020,80+,זכר,865,723,81,<15,
29/03/2020,04/04/2020,80+,נקבה,1150,952,98,<15,
29/03/2020,04/04/2020,80+,לא ידוע,<15,<15,0,0,
29/03/2020,04/04/2020,NULL,זכר,682,596,48,0,
29/03/2020,04/04/2020,NULL,נקבה,704,573,32,0,
29/03/2020,04/04/2020,NULL,לא ידוע,238,174,<15,0,
12/04/2020,18/04/2020,0-19,לא ידוע,48,48,<15,0,
12/04/2020,18/04/2020,0-19,זכר,4909,4313,590,0,
12/04/2020,18/04/2020,0-19,נקבה,4198,3663,610,0,
12/04/2020,18/04/2020,20-24,נקבה,3534,3113,350,0,
12/04/2020,18/04/2020,20-24,זכר,4454,3946,417,0,
12/04/2020,18/04/2020,20-24,לא ידוע,25,24,<15,0,
12/04/2020,18/04/2020,25-29,נקבה,3186,2873,205,0,
12/04/2020,18/04/2020,25-29,לא ידוע,24,24,0,0,
12/04/2020,18/04/2020,25-29,זכר,3916,3513,280,0,
12/04/2020,18/04/2020,30-34,זכר,3407,3052,229,0,
12/04/2020,18/04/2020,30-34,נקבה,2722,2471,156,0,
12/04/2020,18/04/2020,30-34,לא ידוע,15,15,0,0,
12/04/2020,18/04/2020,35-39,נקבה,2486,2300,127,0,
12/04/2020,18/04/2020,35-39,לא ידוע,17,17,0,0,
12/04/2020,18/04/2020,35-39,זכר,2804,2532,179,<15,
12/04/2020,18/04/2020,40-44,לא ידוע,<15,<15,0,0,
12/04/2020,18/04/2020,40-44,נקבה,2396,2228,136,0,
12/04/2020,18/04/2020,40-44,זכר,2504,2250,188,0,
12/04/2020,18/04/2020,45-49,זכר,2445,2160,193,0,
12/04/2020,18/04/2020,45-49,נקבה,2597,2388,171,0,
12/04/2020,18/04/2020,45-49,לא ידוע,<15,<15,0,0,
12/04/2020,18/04/2020,50-54,לא ידוע,<15,<15,<15,0,
12/04/2020,18/04/2020,50-54,זכר,2271,1970,181,0,
12/04/2020,18/04/2020,50-54,נקבה,2413,2207,157,0,
12/04/2020,18/04/2020,55-59,לא ידוע,<15,<15,<15,0,
12/04/2020,18/04/2020,55-59,נקבה,2286,2081,132,0,
12/04/2020,18/04/2020,55-59,זכר,2019,1735,184,0,
12/04/2020,18/04/2020,60-64,נקבה,2059,1898,108,0,
12/04/2020,18/04/2020,60-64,לא ידוע,21,21,0,0,
12/04/2020,18/04/2020,60-64,זכר,1998,1749,132,<15,
12/04/2020,18/04/2020,65-69,לא ידוע,<15,<15,0,0,
12/04/2020,18/04/2020,65-69,זכר,1621,1410,140,<15,
12/04/2020,18/04/2020,65-69,נקבה,1500,1387,75,0,
12/04/2020,18/04/2020,70-74,נקבה,1410,1300,79,<15,
12/04/2020,18/04/2020,70-74,זכר,1363,1204,106,<15,
12/04/2020,18/04/2020,70-74,לא ידוע,<15,<15,0,0,
12/04/2020,18/04/2020,75-79,זכר,910,800,60,<15,
12/04/2020,18/04/2020,75-79,לא ידוע,<15,<15,0,0,
12/04/2020,18/04/2020,75-79,נקבה,1123,1045,52,<15,
12/04/2020,18/04/2020,80+,לא ידוע,<15,<15,0,0,
12/04/2020,18/04/2020,80+,נקבה,6157,5815,167,<15,
12/04/2020,18/04/2020,80+,זכר,2717,2485,91,<15,
12/04/2020,18/04/2020,NULL,זכר,1139,922,54,0,
12/04/2020,18/04/2020,NULL,נקבה,1198,1023,36,0,
12/04/2020,18/04/2020,NULL,לא ידוע,673,657,29,0,
19/04/2020,25/04/2020,0-19,לא ידוע,216,208,<15,0,
19/04/2020,25/04/2020,0-19,זכר,6630,4930,469,0,
19/04/2020,25/04/2020,0-19,נקבה,5319,3818,394,0,
19/04/2020,25/04/2020,20-24,נקבה,3897,2916,186,0,
19/04/2020,25/04/2020,20-24,זכר,5275,4056,227,0,
19/04/2020,25/04/2020,20-24,לא ידוע,28,26,0,0,
19/04/2020,25/04/2020,25-29,נקבה,3686,2963,125,0,
19/04/2020,25/04/2020,25-29,לא ידוע,<15,<15,0,0,
19/04/2020,25/04/2020,25-29,זכר,4401,3398,163,0,
19/04/2020,25/04/2020,30-34,זכר,3759,2970,106,0,
19/04/2020,25/04/2020,30-34,נקבה,3290,2704,75,0,
19/04/2020,25/04/2020,30-34,לא ידוע,17,17,0,0,
19/04/2020,25/04/2020,35-39,נקבה,2849,2387,75,0,
19/04/2020,25/04/2020,35-39,לא ידוע,15,15,0,0,
19/04/2020,25/04/2020,35-39,זכר,3137,2517,85,0,
19/04/2020,25/04/2020,40-44,לא ידוע,<15,<15,0,0,
19/04/2020,25/04/2020,40-44,נקבה,2750,2237,85,0,
19/04/2020,25/04/2020,40-44,זכר,2820,2243,82,0,
19/04/2020,25/04/2020,45-49,זכר,2690,2104,94,<15,
19/04/2020,25/04/2020,45-49,נקבה,2882,2319,74,0,
19/04/2020,25/04/2020,45-49,לא ידוע,<15,<15,0,0,
19/04/2020,25/04/2020,50-54,לא ידוע,<15,<15,0,0,
19/04/2020,25/04/2020,50-54,זכר,2230,1713,75,0,
19/04/2020,25/04/2020,50-54,נקבה,2787,2254,64,<15,
19/04/2020,25/04/2020,55-59,לא ידוע,<15,<15,0,0,
19/04/2020,25/04/2020,55-59,נקבה,2550,2016,79,<15,
19/04/2020,25/04/2020,55-59,זכר,2133,1582,64,<15,
19/04/2020,25/04/2020,60-64,נקבה,2309,1830,58,0,
19/04/2020,25/04/2020,60-64,לא ידוע,<15,<15,0,0,
19/04/2020,25/04/2020,60-64,זכר,1949,1473,67,<15,
19/04/2020,25/04/2020,65-69,לא ידוע,<15,<15,0,0,
19/04/2020,25/04/2020,65-69,זכר,1772,1296,52,0,
19/04/2020,25/04/2020,65-69,נקבה,1771,1432,44,0,
19/04/2020,25/04/2020,70-74,נקבה,1655,1335,37,0,
19/04/2020,25/04/2020,70-74,זכר,1628,1179,42,<15,
19/04/2020,25/04/2020,70-74,לא ידוע,<15,<15,0,0,
19/04/2020,25/04/2020,75-79,זכר,1065,779,26,0,
19/04/2020,25/04/2020,75-79,לא ידוע,0,0,0,0,
19/04/2020,25/04/2020,75-79,נקבה,1361,1095,36,0,
19/04/2020,25/04/2020,80+,לא ידוע,<15,<15,0,0,
19/04/2020,25/04/2020,80+,נקבה,6459,5314,72,<15,
19/04/2020,25/04/2020,80+,זכר,2979,2328,56,<15,
19/04/2020,25/04/2020,NULL,זכר,1152,937,34,0,
19/04/2020,25/04/2020,NULL,נקבה,1322,1193,40,0,
19/04/2020,25/04/2020,NULL,לא ידוע,787,759,<15,0,
26/04/2020,02/05/2020,0-19,לא ידוע,155,144,<15,0,
26/04/2020,02/05/2020,0-19,זכר,5134,3294,167,0,
26/04/2020,02/05/2020,0-19,נקבה,3843,2214,137,0,
26/04/2020,02/05/2020,20-24,נקבה,2790,1844,53,0,
26/04/2020,02/05/2020,20-24,זכר,3593,2507,72,0,
26/04/2020,02/05/2020,20-24,לא ידוע,<15,0,<15,0,
26/04/2020,02/05/2020,25-29,נקבה,2611,1826,36,0,
26/04/2020,02/05/2020,25-29,לא ידוע,<15,<15,0,0,
26/04/2020,02/05/2020,25-29,זכר,2750,1841,42,0,
26/04/2020,02/05/2020,30-34,זכר,2501,1787,38,0,
26/04/2020,02/05/2020,30-34,נקבה,2401,1805,31,0,
26/04/2020,02/05/2020,30-34,לא ידוע,<15,<15,0,0,
26/04/2020,02/05/2020,35-39,נקבה,2166,1600,28,0,
26/04/2020,02/05/2020,35-39,לא ידוע,<15,<15,0,0,
26/04/2020,02/05/2020,35-39,זכר,2221,1603,16,0,
26/04/2020,02/05/2020,40-44,לא ידוע,<15,<15,0,0,
26/04/2020,02/05/2020,40-44,נקבה,2082,1473,19,0,
26/04/2020,02/05/2020,40-44,זכר,2114,1515,<15,0,
26/04/2020,02/05/2020,45-49,זכר,1975,1410,22,0,
26/04/2020,02/05/2020,45-49,נקבה,2166,1567,22,0,
26/04/2020,02/05/2020,45-49,לא ידוע,0,0,0,0,
26/04/2020,02/05/2020,50-54,לא ידוע,<15,<15,0,0,
26/04/2020,02/05/2020,50-54,זכר,1838,1266,<15,0,
26/04/2020,02/05/2020,50-54,נקבה,2005,1433,22,0,
26/04/2020,02/05/2020,55-59,לא ידוע,<15,<15,0,0,
26/04/2020,02/05/2020,55-59,נקבה,1895,1334,21,0,
26/04/2020,02/05/2020,55-59,זכר,1658,1097,17,0,
26/04/2020,02/05/2020,60-64,נקבה,1764,1263,<15,<15,
26/04/2020,02/05/2020,60-64,לא ידוע,0,0,0,0,
26/04/2020,02/05/2020,60-64,זכר,1566,1033,20,<15,
26/04/2020,02/05/2020,65-69,לא ידוע,<15,<15,0,0,
26/04/2020,02/05/2020,65-69,זכר,1416,955,<15,0,
26/04/2020,02/05/2020,65-69,נקבה,1425,1038,<15,<15,
26/04/2020,02/05/2020,70-74,נקבה,1282,845,<15,<15,
26/04/2020,02/05/2020,70-74,זכר,1234,802,<15,<15,
26/04/2020,02/05/2020,70-74,לא ידוע,<15,<15,<15,0,
26/04/2020,02/05/2020,75-79,זכר,798,508,<15,<15,
26/04/2020,02/05/2020,75-79,לא ידוע,<15,<15,0,0,
26/04/2020,02/05/2020,75-79,נקבה,915,633,<15,0,
26/04/2020,02/05/2020,80+,לא ידוע,<15,<15,0,0,
26/04/2020,02/05/2020,80+,נקבה,4670,3163,26,<15,
26/04/2020,02/05/2020,80+,זכר,2228,1416,16,15,
26/04/2020,02/05/2020,NULL,זכר,1111,870,38,0,
26/04/2020,02/05/2020,NULL,נקבה,1051,907,20,0,
26/04/2020,02/05/2020,NULL,לא ידוע,787,736,<15,0,
10/05/2020,16/05/2020,0-19,לא ידוע,35,34,<15,0,
10/05/2020,16/05/2020,0-19,זכר,2707,2516,151,0,
10/05/2020,16/05/2020,0-19,נקבה,2316,2153,137,0,
10/05/2020,16/05/2020,20-24,זכר,1717,1588,89,0,
10/05/2020,16/05/2020,20-24,נקבה,1708,1587,87,0,
10/05/2020,16/05/2020,20-24,לא ידוע,<15,<15,<15,0,
10/05/2020,16/05/2020,25-29,לא ידוע,<15,<15,0,0,
10/05/2020,16/05/2020,25-29,זכר,1444,1354,51,0,
10/05/2020,16/05/2020,25-29,נקבה,1788,1696,42,0,
10/05/2020,16/05/2020,30-34,לא ידוע,<15,<15,0,0,
10/05/2020,16/05/2020,30-34,נקבה,1774,1705,43,0,
10/05/2020,16/05/2020,30-34,זכר,1426,1350,34,0,
10/05/2020,16/05/2020,35-39,זכר,1347,1289,33,0,
10/05/2020,16/05/2020,35-39,נקבה,1837,1775,35,0,
10/05/2020,16/05/2020,35-39,לא ידוע,<15,<15,0,0,
10/05/2020,16/05/2020,40-44,לא ידוע,<15,<15,0,0,
10/05/2020,16/05/2020,40-44,נקבה,1957,1897,27,0,
10/05/2020,16/05/2020,40-44,זכר,1300,1259,17,0,
10/05/2020,16/05/2020,45-49,לא ידוע,<15,<15,0,0,
10/05/2020,16/05/2020,45-49,זכר,1224,1165,33,0,
10/05/2020,16/05/2020,45-49,נקבה,1573,1495,32,0,
10/05/2020,16/05/2020,50-54,נקבה,1368,1309,33,0,
10/05/2020,16/05/2020,50-54,לא ידוע,<15,<15,0,0,
10/05/2020,16/05/2020,50-54,זכר,993,945,15,<15,
10/05/2020,16/05/2020,55-59,נקבה,1256,1194,33,0,
10/05/2020,16/05/2020,55-59,לא ידוע,<15,<15,0,0,
10/05/2020,16/05/2020,55-59,זכר,893,827,29,0,
10/05/2020,16/05/2020,60-64,זכר,924,856,26,<15,
10/05/2020,16/05/2020,60-64,לא ידוע,<15,<15,0,0,
10/05/2020,16/05/2020,60-64,נקבה,1229,1169,30,0,
10/05/2020,16/05/2020,65-69,זכר,957,893,28,0,
10/05/2020,16/05/2020,65-69,לא ידוע,<15,<15,0,0,
10/05/2020,16/05/2020,65-69,נקבה,1170,1102,18,0,
10/05/2020,16/05/2020,70-74,לא ידוע,<15,<15,0,0,
10/05/2020,16/05/2020,70-74,נקבה,1181,1125,16,0,
10/05/2020,16/05/2020,70-74,זכר,1041,970,27,<15,
10/05/2020,16/05/2020,75-79,נקבה,894,846,15,0,
10/05/2020,16/05/2020,75-79,זכר,688,630,19,<15,
10/05/2020,16/05/2020,75-79,לא ידוע,0,0,0,0,
10/05/2020,16/05/2020,80+,נקבה,4978,4717,56,<15,
10/05/2020,16/05/2020,80+,לא ידוע,<15,<15,0,0,
10/05/2020,16/05/2020,80+,זכר,2188,2076,28,<15,
10/05/2020,16/05/2020,NULL,לא ידוע,192,189,<15,0,
10/05/2020,16/05/2020,NULL,זכר,688,620,<15,0,
10/05/2020,16/05/2020,NULL,נקבה,715,675,<15,0,
17/05/2020,23/05/2020,0-19,לא ידוע,35,22,0,0,
17/05/2020,23/05/2020,0-19,זכר,2705,2242,35,0,
17/05/2020,23/05/2020,0-19,נקבה,2181,1797,42,0,
17/05/2020,23/05/2020,20-24,זכר,1278,1005,16,0,
17/05/2020,23/05/2020,20-24,נקבה,1380,1113,15,0,
17/05/2020,23/05/2020,20-24,לא ידוע,<15,<15,0,0,
17/05/2020,23/05/2020,25-29,לא ידוע,<15,<15,0,0,
17/05/2020,23/05/2020,25-29,זכר,1244,1038,<15,0,
17/05/2020,23/05/2020,25-29,נקבה,1663,1454,<15,0,
17/05/2020,23/05/2020,30-34,לא ידוע,<15,<15,0,0,
17/05/2020,23/05/2020,30-34,נקבה,1773,1580,<15,0,
17/05/2020,23/05/2020,30-34,זכר,1272,1111,<15,<15,
17/05/2020,23/05/2020,35-39,זכר,1274,1145,<15,0,
17/05/2020,23/05/2020,35-39,נקבה,1691,1508,<15,0,
17/05/2020,23/05/2020,35-39,לא ידוע,<15,<15,0,0,
17/05/2020,23/05/2020,40-44,לא ידוע,<15,<15,0,0,
17/05/2020,23/05/2020,40-44,נקבה,1573,1360,<15,0,
17/05/2020,23/05/2020,40-44,זכר,1031,932,<15,0,
17/05/2020,23/05/2020,45-49,לא ידוע,<15,<15,0,0,
17/05/2020,23/05/2020,45-49,זכר,917,796,<15,0,
17/05/2020,23/05/2020,45-49,נקבה,1178,1021,<15,0,
17/05/2020,23/05/2020,50-54,נקבה,1031,879,<15,0,
17/05/2020,23/05/2020,50-54,לא ידוע,<15,<15,0,0,
17/05/2020,23/05/2020,50-54,זכר,738,635,<15,0,
17/05/2020,23/05/2020,55-59,נקבה,1072,917,<15,0,
17/05/2020,23/05/2020,55-59,לא ידוע,<15,<15,0,0,
17/05/2020,23/05/2020,55-59,זכר,780,670,<15,0,
17/05/2020,23/05/2020,60-64,זכר,689,554,<15,0,
17/05/2020,23/05/2020,60-64,לא ידוע,0,0,0,0,
17/05/2020,23/05/2020,60-64,נקבה,981,847,<15,0,
17/05/2020,23/05/2020,65-69,זכר,714,566,<15,0,
17/05/2020,23/05/2020,65-69,לא ידוע,0,0,0,0,
17/05/2020,23/05/2020,65-69,נקבה,791,644,<15,0,
17/05/2020,23/05/2020,70-74,לא ידוע,<15,<15,0,0,
17/05/2020,23/05/2020,70-74,נקבה,798,663,<15,0,
17/05/2020,23/05/2020,70-74,זכר,766,586,<15,0,
17/05/2020,23/05/2020,75-79,נקבה,643,509,<15,0,
17/05/2020,23/05/2020,75-79,זכר,479,375,<15,0,
17/05/2020,23/05/2020,75-79,לא ידוע,0,0,0,0,
17/05/2020,23/05/2020,80+,נקבה,3618,2863,<15,<15,
17/05/2020,23/05/2020,80+,לא ידוע,<15,<15,0,0,
17/05/2020,23/05/2020,80+,זכר,1679,1327,<15,<15,
17/05/2020,23/05/2020,NULL,לא ידוע,180,162,<15,0,
17/05/2020,23/05/2020,NULL,זכר,557,480,<15,0,
17/05/2020,23/05/2020,NULL,נקבה,537,467,<15,0,
24/05/2020,30/05/2020,0-19,לא ידוע,80,74,<15,0,
24/05/2020,30/05/2020,0-19,זכר,2547,2206,78,0,
24/05/2020,30/05/2020,0-19,נקבה,2231,1911,66,0,
24/05/2020,30/05/2020,20-24,זכר,821,630,<15,0,
24/05/2020,30/05/2020,20-24,נקבה,883,697,<15,0,
24/05/2020,30/05/2020,20-24,לא ידוע,<15,<15,0,0,
24/05/2020,30/05/2020,25-29,לא ידוע,0,0,0,0,
24/05/2020,30/05/2020,25-29,זכר,848,678,<15,0,
24/05/2020,30/05/2020,25-29,נקבה,1258,1070,<15,0,
24/05/2020,30/05/2020,30-34,לא ידוע,<15,<15,0,0,
24/05/2020,30/05/2020,30-34,נקבה,1539,1344,<15,0,
24/05/2020,30/05/2020,30-34,זכר,1020,876,<15,0,
24/05/2020,30/05/2020,35-39,זכר,997,839,<15,0,
24/05/2020,30/05/2020,35-39,נקבה,1523,1345,<15,0,
24/05/2020,30/05/2020,35-39,לא ידוע,<15,<15,0,0,
24/05/2020,30/05/2020,40-44,לא ידוע,<15,<15,0,0,
24/05/2020,30/05/2020,40-44,נקבה,1311,1124,<15,0,
24/05/2020,30/05/2020,40-44,זכר,764,657,<15,0,
24/05/2020,30/05/2020,45-49,לא ידוע,<15,<15,0,0,
24/05/2020,30/05/2020,45-49,זכר,620,496,<15,0,
24/05/2020,30/05/2020,45-49,נקבה,880,711,<15,0,
24/05/2020,30/05/2020,50-54,נקבה,749,590,<15,0,
24/05/2020,30/05/2020,50-54,לא ידוע,<15,<15,0,0,
24/05/2020,30/05/2020,50-54,זכר,516,420,<15,0,
24/05/2020,30/05/2020,55-59,נקבה,662,500,<15,0,
24/05/2020,30/05/2020,55-59,לא ידוע,<15,<15,0,0,
24/05/2020,30/05/2020,55-59,זכר,450,347,<15,0,
24/05/2020,30/05/2020,60-64,זכר,479,337,<15,0,
24/05/2020,30/05/2020,60-64,לא ידוע,<15,<15,0,0,
24/05/2020,30/05/2020,60-64,נקבה,745,587,<15,0,
24/05/2020,30/05/2020,65-69,זכר,476,335,<15,0,
24/05/2020,30/05/2020,65-69,לא ידוע,0,0,0,0,
24/05/2020,30/05/2020,65-69,נקבה,650,512,<15,0,
24/05/2020,30/05/2020,70-74,לא ידוע,0,0,0,0,
24/05/2020,30/05/2020,70-74,נקבה,830,699,<15,<15,
24/05/2020,30/05/2020,70-74,זכר,568,420,<15,0,
24/05/2020,30/05/2020,75-79,נקבה,743,608,<15,<15,
24/05/2020,30/05/2020,75-79,זכר,428,327,<15,<15,
24/05/2020,30/05/2020,75-79,לא ידוע,0,0,0,0,
24/05/2020,30/05/2020,80+,נקבה,3611,2881,<15,<15,
24/05/2020,30/05/2020,80+,לא ידוע,<15,<15,0,0,
24/05/2020,30/05/2020,80+,זכר,1666,1293,<15,<15,
24/05/2020,30/05/2020,NULL,לא ידוע,122,82,<15,0,
24/05/2020,30/05/2020,NULL,זכר,476,363,<15,0,
24/05/2020,30/05/2020,NULL,נקבה,435,356,<15,0,
07/06/2020,13/06/2020,0-19,זכר,16744,16482,283,0,
07/06/2020,13/06/2020,0-19,נקבה,15150,14914,226,0,
07/06/2020,13/06/2020,0-19,לא ידוע,503,501,16,0,
07/06/2020,13/06/2020,20-24,נקבה,3229,3167,64,0,
07/06/2020,13/06/2020,20-24,לא ידוע,35,35,<15,0,
07/06/2020,13/06/2020,20-24,זכר,2393,2345,62,0,
07/06/2020,13/06/2020,25-29,זכר,2548,2481,55,0,
07/06/2020,13/06/2020,25-29,לא ידוע,41,41,<15,0,
07/06/2020,13/06/2020,25-29,נקבה,3904,3827,57,0,
07/06/2020,13/06/2020,30-34,נקבה,4610,4503,55,0,
07/06/2020,13/06/2020,30-34,לא ידוע,78,75,<15,0,
07/06/2020,13/06/2020,30-34,זכר,3124,3050,66,0,
07/06/2020,13/06/2020,35-39,נקבה,4457,4351,56,0,
07/06/2020,13/06/2020,35-39,לא ידוע,61,59,<15,0,
07/06/2020,13/06/2020,35-39,זכר,3153,3077,51,0,
07/06/2020,13/06/2020,40-44,נקבה,3998,3914,54,0,
07/06/2020,13/06/2020,40-44,לא ידוע,49,49,0,0,
07/06/2020,13/06/2020,40-44,זכר,2585,2524,59,0,
07/06/2020,13/06/2020,45-49,נקבה,3204,3142,54,0,
07/06/2020,13/06/2020,45-49,זכר,2139,2085,41,0,
07/06/2020,13/06/2020,45-49,לא ידוע,48,47,0,0,
07/06/2020,13/06/2020,50-54,לא ידוע,34,34,0,0,
07/06/2020,13/06/2020,50-54,נקבה,2438,2384,43,0,
07/06/2020,13/06/2020,50-54,זכר,1612,1566,42,0,
07/06/2020,13/06/2020,55-59,זכר,1352,1309,34,0,
07/06/2020,13/06/2020,55-59,נקבה,2285,2239,28,0,
07/06/2020,13/06/2020,55-59,לא ידוע,29,28,0,0,
07/06/2020,13/06/2020,60-64,זכר,1401,1354,25,0,
07/06/2020,13/06/2020,60-64,לא ידוע,24,24,0,0,
07/06/2020,13/06/2020,60-64,נקבה,2176,2125,24,0,
07/06/2020,13/06/2020,65-69,לא ידוע,24,24,<15,0,
07/06/2020,13/06/2020,65-69,נקבה,1578,1546,15,0,
07/06/2020,13/06/2020,65-69,זכר,1200,1152,37,0,
07/06/2020,13/06/2020,70-74,לא ידוע,17,17,<15,0,
07/06/2020,13/06/2020,70-74,זכר,1081,1027,23,0,
07/06/2020,13/06/2020,70-74,נקבה,1562,1524,<15,0,
07/06/2020,13/06/2020,75-79,נקבה,1148,1108,<15,0,
07/06/2020,13/06/2020,75-79,זכר,669,637,<15,<15,
07/06/2020,13/06/2020,75-79,לא ידוע,<15,<15,0,0,
07/06/2020,13/06/2020,80+,זכר,1906,1825,16,<15,
07/06/2020,13/06/2020,80+,לא ידוע,45,45,0,0,
07/06/2020,13/06/2020,80+,נקבה,4251,4125,17,0,
07/06/2020,13/06/2020,NULL,נקבה,919,880,<15,0,
07/06/2020,13/06/2020,NULL,לא ידוע,474,454,21,0,
07/06/2020,13/06/2020,NULL,זכר,927,876,27,0,
14/06/2020,20/06/2020,0-19,זכר,12645,11881,267,0,
14/06/2020,20/06/2020,0-19,נקבה,12269,11624,229,0,
14/06/2020,20/06/2020,0-19,לא ידוע,486,457,<15,0,
14/06/2020,20/06/2020,20-24,נקבה,3111,2945,78,0,
14/06/2020,20/06/2020,20-24,לא ידוע,<15,<15,0,0,
14/06/2020,20/06/2020,20-24,זכר,2633,2494,79,0,
14/06/2020,20/06/2020,25-29,זכר,2829,2614,83,<15,
14/06/2020,20/06/2020,25-29,לא ידוע,<15,<15,<15,0,
14/06/2020,20/06/2020,25-29,נקבה,3836,3559,89,0,
14/06/2020,20/06/2020,30-34,נקבה,4104,3813,72,0,
14/06/2020,20/06/2020,30-34,לא ידוע,24,22,0,0,
14/06/2020,20/06/2020,30-34,זכר,2960,2745,94,0,
14/06/2020,20/06/2020,35-39,נקבה,3960,3702,67,0,
14/06/2020,20/06/2020,35-39,לא ידוע,<15,<15,0,0,
14/06/2020,20/06/2020,35-39,זכר,2908,2679,71,0,
14/06/2020,20/06/2020,40-44,נקבה,3801,3544,63,0,
14/06/2020,20/06/2020,40-44,לא ידוע,<15,<15,0,0,
14/06/2020,20/06/2020,40-44,זכר,2489,2293,55,0,
14/06/2020,20/06/2020,45-49,נקבה,3047,2808,48,0,
14/06/2020,20/06/2020,45-49,זכר,2162,1933,77,0,
14/06/2020,20/06/2020,45-49,לא ידוע,<15,<15,0,0,
14/06/2020,20/06/2020,50-54,לא ידוע,<15,<15,<15,0,
14/06/2020,20/06/2020,50-54,נקבה,2639,2423,53,0,
14/06/2020,20/06/2020,50-54,זכר,1636,1471,49,0,
14/06/2020,20/06/2020,55-59,זכר,1505,1308,39,0,
14/06/2020,20/06/2020,55-59,נקבה,2374,2171,44,0,
14/06/2020,20/06/2020,55-59,לא ידוע,<15,<15,0,0,
14/06/2020,20/06/2020,60-64,זכר,1446,1256,41,0,
14/06/2020,20/06/2020,60-64,לא ידוע,<15,<15,0,0,
14/06/2020,20/06/2020,60-64,נקבה,2094,1901,31,0,
14/06/2020,20/06/2020,65-69,לא ידוע,<15,<15,0,0,
14/06/2020,20/06/2020,65-69,נקבה,1688,1553,29,0,
14/06/2020,20/06/2020,65-69,זכר,1309,1155,22,0,
14/06/2020,20/06/2020,70-74,לא ידוע,<15,0,0,0,
14/06/2020,20/06/2020,70-74,זכר,1180,1012,30,0,
14/06/2020,20/06/2020,70-74,נקבה,1491,1329,25,<15,
14/06/2020,20/06/2020,75-79,נקבה,1030,852,15,0,
14/06/2020,20/06/2020,75-79,זכר,775,645,<15,0,
14/06/2020,20/06/2020,75-79,לא ידוע,<15,0,0,0,
14/06/2020,20/06/2020,80+,זכר,2247,1841,17,<15,
14/06/2020,20/06/2020,80+,לא ידוע,29,0,0,0,
14/06/2020,20/06/2020,80+,נקבה,5060,4418,42,0,
14/06/2020,20/06/2020,NULL,נקבה,789,730,17,0,
14/06/2020,20/06/2020,NULL,לא ידוע,331,281,32,0,
14/06/2020,20/06/2020,NULL,זכר,764,663,24,0,
21/06/2020,27/06/2020,0-19,זכר,16026,14664,451,0,
21/06/2020,27/06/2020,0-19,נקבה,14745,13528,350,0,
21/06/2020,27/06/2020,0-19,לא ידוע,530,461,<15,0,
21/06/2020,27/06/2020,20-24,נקבה,3856,3502,132,<15,
21/06/2020,27/06/2020,20-24,לא ידוע,<15,<15,0,0,
21/06/2020,27/06/2020,20-24,זכר,3667,3391,180,0,
21/06/2020,27/06/2020,25-29,זכר,3374,2939,131,0,
21/06/2020,27/06/2020,25-29,לא ידוע,<15,<15,0,0,
21/06/2020,27/06/2020,25-29,נקבה,4398,3868,132,0,
21/06/2020,27/06/2020,30-34,נקבה,4593,4041,82,0,
21/06/2020,27/06/2020,30-34,לא ידוע,<15,<15,0,0,
21/06/2020,27/06/2020,30-34,זכר,3613,3162,110,0,
21/06/2020,27/06/2020,35-39,נקבה,4465,3945,105,0,
21/06/2020,27/06/2020,35-39,לא ידוע,<15,<15,0,0,
21/06/2020,27/06/2020,35-39,זכר,3518,3074,102,0,
21/06/2020,27/06/2020,40-44,נקבה,4278,3749,108,0,
21/06/2020,27/06/2020,40-44,לא ידוע,<15,<15,0,0,
21/06/2020,27/06/2020,40-44,זכר,2850,2497,94,0,
21/06/2020,27/06/2020,45-49,נקבה,3490,3052,81,0,
21/06/2020,27/06/2020,45-49,זכר,2590,2244,87,0,
21/06/2020,27/06/2020,45-49,לא ידוע,<15,<15,<15,0,
21/06/2020,27/06/2020,50-54,לא ידוע,<15,<15,0,0,
21/06/2020,27/06/2020,50-54,נקבה,2925,2539,98,0,
21/06/2020,27/06/2020,50-54,זכר,1983,1718,73,0,
21/06/2020,27/06/2020,55-59,זכר,1779,1486,65,<15,
21/06/2020,27/06/2020,55-59,נקבה,2511,2184,66,0,
21/06/2020,27/06/2020,55-59,לא ידוע,<15,<15,0,0,
21/06/2020,27/06/2020,60-64,זכר,1709,1408,52,0,
21/06/2020,27/06/2020,60-64,לא ידוע,<15,<15,0,0,
21/06/2020,27/06/2020,60-64,נקבה,2320,2013,53,0,
21/06/2020,27/06/2020,65-69,לא ידוע,<15,<15,0,0,
21/06/2020,27/06/2020,65-69,נקבה,1799,1520,29,0,
21/06/2020,27/06/2020,65-69,זכר,1587,1293,42,0,
21/06/2020,27/06/2020,70-74,לא ידוע,<15,<15,0,0,
21/06/2020,27/06/2020,70-74,זכר,1372,1081,33,<15,
21/06/2020,27/06/2020,70-74,נקבה,1533,1253,21,0,
21/06/2020,27/06/2020,75-79,נקבה,1097,871,17,<15,
21/06/2020,27/06/2020,75-79,זכר,905,685,24,<15,
21/06/2020,27/06/2020,75-79,לא ידוע,0,0,0,0,
21/06/2020,27/06/2020,80+,זכר,2321,1719,35,<15,
21/06/2020,27/06/2020,80+,לא ידוע,<15,<15,0,0,
21/06/2020,27/06/2020,80+,נקבה,5219,3990,40,<15,
21/06/2020,27/06/2020,NULL,נקבה,712,590,19,0,
21/06/2020,27/06/2020,NULL,לא ידוע,452,357,21,0,
21/06/2020,27/06/2020,NULL,זכר,790,612,20,0,
05/07/2020,11/07/2020,0-19,נקבה,24269,23758,1277,0,
05/07/2020,11/07/2020,0-19,זכר,25950,25367,1586,0,
05/07/2020,11/07/2020,0-19,לא ידוע,1177,1165,40,0,
05/07/2020,11/07/2020,20-24,לא ידוע,<15,<15,0,0,
05/07/2020,11/07/2020,20-24,זכר,6732,6552,657,0,
05/07/2020,11/07/2020,20-24,נקבה,8122,7933,695,0,
05/07/2020,11/07/2020,25-29,זכר,6799,6589,571,0,
05/07/2020,11/07/2020,25-29,לא ידוע,<15,<15,<15,0,
05/07/2020,11/07/2020,25-29,נקבה,8539,8282,543,0,
05/07/2020,11/07/2020,30-34,לא ידוע,24,22,0,0,
05/07/2020,11/07/2020,30-34,זכר,6948,6702,465,0,
05/07/2020,11/07/2020,30-34,נקבה,8173,7892,360,0,
05/07/2020,11/07/2020,35-39,נקבה,7393,7168,344,0,
05/07/2020,11/07/2020,35-39,זכר,6091,5889,376,0,
05/07/2020,11/07/2020,35-39,לא ידוע,16,16,0,0,
05/07/2020,11/07/2020,40-44,לא ידוע,22,20,<15,0,
05/07/2020,11/07/2020,40-44,נקבה,6897,6659,340,0,
05/07/2020,11/07/2020,40-44,זכר,5180,4980,331,0,
05/07/2020,11/07/2020,45-49,נקבה,6104,5878,351,0,
05/07/2020,11/07/2020,45-49,זכר,4564,4389,347,0,
05/07/2020,11/07/2020,45-49,לא ידוע,20,19,0,0,
05/07/2020,11/07/2020,50-54,זכר,3673,3508,269,0,
05/07/2020,11/07/2020,50-54,לא ידוע,<15,<15,0,0,
05/07/2020,11/07/2020,50-54,נקבה,4999,4815,256,0,
05/07/2020,11/07/2020,55-59,נקבה,4400,4235,231,0,
05/07/2020,11/07/2020,55-59,לא ידוע,<15,<15,0,0,
05/07/2020,11/07/2020,55-59,זכר,3102,2960,213,<15,
05/07/2020,11/07/2020,60-64,זכר,2965,2800,179,0,
05/07/2020,11/07/2020,60-64,נקבה,3729,3610,178,0,
05/07/2020,11/07/2020,60-64,לא ידוע,0,0,0,0,
05/07/2020,11/07/2020,65-69,נקבה,2683,2579,126,0,
05/07/2020,11/07/2020,65-69,זכר,2446,2305,130,0,
05/07/2020,11/07/2020,65-69,לא ידוע,<15,<15,0,0,
05/07/2020,11/07/2020,70-74,נקבה,2160,2028,85,0,
05/07/2020,11/07/2020,70-74,לא ידוע,<15,<15,0,0,
05/07/2020,11/07/2020,70-74,זכר,2044,1886,100,0,
05/07/2020,11/07/2020,75-79,זכר,1314,1200,67,<15,
05/07/2020,11/07/2020,75-79,נקבה,1496,1389,54,<15,
05/07/2020,11/07/2020,75-79,לא ידוע,<15,<15,0,0,
05/07/2020,11/07/2020,80+,לא ידוע,<15,<15,0,0,
05/07/2020,11/07/2020,80+,זכר,3065,2771,96,<15,
05/07/2020,11/07/2020,80+,נקבה,7043,6382,159,<15,
05/07/2020,11/07/2020,NULL,לא ידוע,738,690,38,0,
05/07/2020,11/07/2020,NULL,נקבה,917,869,24,0,
05/07/2020,11/07/2020,NULL,זכר,1211,1096,47,0,
12/07/2020,18/07/2020,0-19,נקבה,21858,19510,1740,0,
12/07/2020,18/07/2020,0-19,זכר,24376,21620,1983,0,
12/07/2020,18/07/2020,0-19,לא ידוע,902,840,39,0,
12/07/2020,18/07/2020,20-24,לא ידוע,<15,<15,<15,0,
12/07/2020,18/07/2020,20-24,זכר,7865,6779,884,0,
12/07/2020,18/07/2020,20-24,נקבה,8704,7611,876,<15,
12/07/2020,18/07/2020,25-29,זכר,7321,6196,714,0,
12/07/2020,18/07/2020,25-29,לא ידוע,<15,<15,0,0,
12/07/2020,18/07/2020,25-29,נקבה,8724,7417,687,0,
12/07/2020,18/07/2020,30-34,לא ידוע,31,27,<15,0,
12/07/2020,18/07/2020,30-34,זכר,6785,5720,584,0,
12/07/2020,18/07/2020,30-34,נקבה,8406,7131,552,0,
12/07/2020,18/07/2020,35-39,נקבה,7661,6362,474,0,
12/07/2020,18/07/2020,35-39,זכר,5839,4857,492,0,
12/07/2020,18/07/2020,35-39,לא ידוע,44,39,<15,0,
12/07/2020,18/07/2020,40-44,לא ידוע,32,29,<15,0,
12/07/2020,18/07/2020,40-44,נקבה,7115,5890,431,0,
12/07/2020,18/07/2020,40-44,זכר,5206,4325,431,0,
12/07/2020,18/07/2020,45-49,נקבה,6736,5502,429,<15,
12/07/2020,18/07/2020,45-49,זכר,4834,3994,440,0,
12/07/2020,18/07/2020,45-49,לא ידוע,30,28,0,0,
12/07/2020,18/07/2020,50-54,זכר,4088,3365,389,0,
12/07/2020,18/07/2020,50-54,לא ידוע,<15,<15,0,0,
12/07/2020,18/07/2020,50-54,נקבה,5868,4820,369,0,
12/07/2020,18/07/2020,55-59,נקבה,5079,4091,298,<15,
12/07/2020,18/07/2020,55-59,לא ידוע,<15,<15,0,0,
12/07/2020,18/07/2020,55-59,זכר,3535,2923,283,0,
12/07/2020,18/07/2020,60-64,זכר,3195,2557,220,0,
12/07/2020,18/07/2020,60-64,נקבה,4507,3648,215,<15,
12/07/2020,18/07/2020,60-64,לא ידוע,<15,<15,0,0,
12/07/2020,18/07/2020,65-69,נקבה,3243,2602,168,0,
12/07/2020,18/07/2020,65-69,זכר,2723,2130,191,0,
12/07/2020,18/07/2020,65-69,לא ידוע,<15,<15,0,0,
12/07/2020,18/07/2020,70-74,נקבה,2741,2111,114,<15,
12/07/2020,18/07/2020,70-74,לא ידוע,<15,<15,0,0,
12/07/2020,18/07/2020,70-74,זכר,2417,1793,145,<15,
12/07/2020,18/07/2020,75-79,זכר,1495,1058,81,<15,
12/07/2020,18/07/2020,75-79,נקבה,1998,1485,78,<15,
12/07/2020,18/07/2020,75-79,לא ידוע,<15,<15,0,0,
12/07/2020,18/07/2020,80+,לא ידוע,<15,<15,0,0,
12/07/2020,18/07/2020,80+,זכר,4161,2804,106,15,
12/07/2020,18/07/2020,80+,נקבה,10031,6557,184,21,
12/07/2020,18/07/2020,NULL,לא ידוע,1054,630,42,0,
12/07/2020,18/07/2020,NULL,נקבה,965,775,33,0,
12/07/2020,18/07/2020,NULL,זכר,1090,862,48,0,
19/07/2020,25/07/2020,0-19,נקבה,18438,14938,1683,0,
19/07/2020,25/07/2020,0-19,זכר,20428,16301,1999,0,
19/07/2020,25/07/2020,0-19,לא ידוע,157,87,<15,0,
19/07/2020,25/07/2020,20-24,לא ידוע,15,<15,<15,0,
19/07/2020,25/07/2020,20-24,זכר,7161,5450,783,0,
19/07/2020,25/07/2020,20-24,נקבה,7850,5933,701,0,
19/07/2020,25/07/2020,25-29,זכר,6718,4726,535,0,
19/07/2020,25/07/2020,25-29,לא ידוע,<15,<15,0,0,
19/07/2020,25/07/2020,25-29,נקבה,8334,6103,575,0,
19/07/2020,25/07/2020,30-34,לא ידוע,21,<15,<15,0,
19/07/2020,25/07/2020,30-34,זכר,6261,4450,473,0,
19/07/2020,25/07/2020,30-34,נקבה,8136,5941,480,0,
19/07/2020,25/07/2020,35-39,נקבה,7318,5192,449,0,
19/07/2020,25/07/2020,35-39,זכר,5474,3894,406,0,
19/07/2020,25/07/2020,35-39,לא ידוע,21,<15,0,0,
19/07/2020,25/07/2020,40-44,לא ידוע,18,<15,0,0,
19/07/2020,25/07/2020,40-44,נקבה,6781,4672,450,0,
19/07/2020,25/07/2020,40-44,זכר,4773,3417,344,0,
19/07/2020,25/07/2020,45-49,נקבה,6493,4234,424,0,
19/07/2020,25/07/2020,45-49,זכר,4455,2998,351,0,
19/07/2020,25/07/2020,45-49,לא ידוע,<15,<15,0,0,
19/07/2020,25/07/2020,50-54,זכר,3788,2565,299,<15,
19/07/2020,25/07/2020,50-54,לא ידוע,<15,<15,0,0,
19/07/2020,25/07/2020,50-54,נקבה,5754,3721,356,<15,
19/07/2020,25/07/2020,55-59,נקבה,5032,3114,252,0,
19/07/2020,25/07/2020,55-59,לא ידוע,<15,<15,0,0,
19/07/2020,25/07/2020,55-59,זכר,3312,2176,247,0,
19/07/2020,25/07/2020,60-64,זכר,3202,2111,210,<15,
19/07/2020,25/07/2020,60-64,נקבה,4609,2913,235,0,
19/07/2020,25/07/2020,60-64,לא ידוע,<15,<15,<15,0,
19/07/2020,25/07/2020,65-69,נקבה,3478,2264,165,0,
19/07/2020,25/07/2020,65-69,זכר,2710,1706,150,0,
19/07/2020,25/07/2020,65-69,לא ידוע,<15,<15,0,0,
19/07/2020,25/07/2020,70-74,נקבה,3173,2034,112,<15,
19/07/2020,25/07/2020,70-74,לא ידוע,<15,<15,0,0,
19/07/2020,25/07/2020,70-74,זכר,2424,1451,105,<15,
19/07/2020,25/07/2020,75-79,זכר,1587,911,69,<15,
19/07/2020,25/07/2020,75-79,נקבה,2370,1395,63,<15,
19/07/2020,25/07/2020,75-79,לא ידוע,<15,<15,0,0,
19/07/2020,25/07/2020,80+,לא ידוע,<15,<15,0,0,
19/07/2020,25/07/2020,80+,זכר,4596,2318,96,18,
19/07/2020,25/07/2020,80+,נקבה,11144,5358,141,34,
19/07/2020,25/07/2020,NULL,לא ידוע,676,404,29,0,
19/07/2020,25/07/2020,NULL,נקבה,907,745,32,0,
19/07/2020,25/07/2020,NULL,זכר,1184,880,34,0,
02/08/2020,08/08/2020,0-19,נקבה,12231,11928,1498,0,
02/08/2020,08/08/2020,0-19,לא ידוע,78,77,<15,0,
02/08/2020,08/08/2020,0-19,זכר,13586,13226,1740,0,
02/08/2020,08/08/2020,20-24,זכר,4751,4602,627,0,
02/08/2020,08/08/2020,20-24,לא ידוע,<15,<15,0,0,
02/08/2020,08/08/2020,20-24,נקבה,5199,5044,587,0,
02/08/2020,08/08/2020,25-29,לא ידוע,<15,<15,0,0,
02/08/2020,08/08/2020,25-29,זכר,4740,4542,450,0,
02/08/2020,08/08/2020,25-29,נקבה,6104,5875,450,0,
02/08/2020,08/08/2020,30-34,זכר,4973,4756,398,0,
02/08/2020,08/08/2020,30-34,לא ידוע,22,20,0,0,
02/08/2020,08/08/2020,30-34,נקבה,6796,6519,411,0,
02/08/2020,08/08/2020,35-39,לא ידוע,27,25,<15,0,
02/08/2020,08/08/2020,35-39,נקבה,6217,5889,397,0,
02/08/2020,08/08/2020,35-39,זכר,4697,4484,368,0,
02/08/2020,08/08/2020,40-44,זכר,4069,3870,377,<15,
02/08/2020,08/08/2020,40-44,נקבה,6100,5799,399,0,
02/08/2020,08/08/2020,40-44,לא ידוע,17,17,0,0,
02/08/2020,08/08/2020,45-49,לא ידוע,16,16,<15,0,
02/08/2020,08/08/2020,45-49,זכר,3738,3521,335,0,
02/08/2020,08/08/2020,45-49,נקבה,6070,5667,345,0,
02/08/2020,08/08/2020,50-54,נקבה,5553,5199,328,0,
02/08/2020,08/08/2020,50-54,זכר,3252,3063,325,<15,
02/08/2020,08/08/2020,50-54,לא ידוע,<15,<15,<15,0,
02/08/2020,08/08/2020,55-59,נקבה,5097,4758,286,<15,
02/08/2020,08/08/2020,55-59,לא ידוע,<15,<15,0,0,
02/08/2020,08/08/2020,55-59,זכר,2926,2700,258,<15,
02/08/2020,08/08/2020,60-64,לא ידוע,<15,<15,0,0,
02/08/2020,08/08/2020,60-64,נקבה,4864,4522,251,0,
02/08/2020,08/08/2020,60-64,זכר,2868,2643,254,0,
02/08/2020,08/08/2020,65-69,לא ידוע,<15,<15,0,0,
02/08/2020,08/08/2020,65-69,נקבה,3735,3462,181,0,
02/08/2020,08/08/2020,65-69,זכר,2674,2426,211,<15,
02/08/2020,08/08/2020,70-74,לא ידוע,<15,<15,0,0,
02/08/2020,08/08/2020,70-74,נקבה,3438,3157,135,<15,
02/08/2020,08/08/2020,70-74,זכר,2482,2207,182,<15,
02/08/2020,08/08/2020,75-79,לא ידוע,<15,<15,0,0,
02/08/2020,08/08/2020,75-79,נקבה,2367,2117,105,<15,
02/08/2020,08/08/2020,75-79,זכר,1671,1476,117,<15,
02/08/2020,08/08/2020,80+,נקבה,10408,8980,297,17,
02/08/2020,08/08/2020,80+,זכר,4622,3988,167,<15,
02/08/2020,08/08/2020,80+,לא ידוע,<15,<15,0,0,
02/08/2020,08/08/2020,NULL,לא ידוע,583,558,25,0,
02/08/2020,08/08/2020,NULL,זכר,1183,1061,43,0,
02/08/2020,08/08/2020,NULL,נקבה,893,831,26,0,
09/08/2020,15/08/2020,0-19,נקבה,11363,10131,1445,0,
09/08/2020,15/08/2020,0-19,לא ידוע,162,142,51,0,
09/08/2020,15/08/2020,0-19,זכר,12033,10788,1497,0,
09/08/2020,15/08/2020,20-24,זכר,4891,4021,525,0,
09/08/2020,15/08/2020,20-24,לא ידוע,<15,<15,<15,0,
09/08/2020,15/08/2020,20-24,נקבה,5530,4567,568,0,
09/08/2020,15/08/2020,25-29,לא ידוע,15,<15,<15,0,
09/08/2020,15/08/2020,25-29,זכר,5028,3880,376,0,
09/08/2020,15/08/2020,25-29,נקבה,6564,5143,524,<15,
09/08/2020,15/08/2020,30-34,זכר,5085,3934,384,0,
09/08/2020,15/08/2020,30-34,לא ידוע,16,<15,<15,0,
09/08/2020,15/08/2020,30-34,נקבה,6922,5068,426,0,
09/08/2020,15/08/2020,35-39,לא ידוע,15,<15,0,0,
09/08/2020,15/08/2020,35-39,נקבה,6499,4541,355,0,
09/08/2020,15/08/2020,35-39,זכר,4704,3537,320,0,
09/08/2020,15/08/2020,40-44,זכר,4208,3125,332,0,
09/08/2020,15/08/2020,40-44,נקבה,6297,4081,384,0,
09/08/2020,15/08/2020,40-44,לא ידוע,22,16,<15,0,
09/08/2020,15/08/2020,45-49,לא ידוע,21,<15,<15,0,
09/08/2020,15/08/2020,45-49,זכר,3987,2902,318,0,
09/08/2020,15/08/2020,45-49,נקבה,6382,3863,356,0,
09/08/2020,15/08/2020,50-54,נקבה,6013,3524,313,0,
09/08/2020,15/08/2020,50-54,זכר,3550,2455,260,<15,
09/08/2020,15/08/2020,50-54,לא ידוע,<15,<15,0,0,
09/08/2020,15/08/2020,55-59,נקבה,5477,3180,271,<15,
09/08/2020,15/08/2020,55-59,לא ידוע,<15,<15,<15,0,
09/08/2020,15/08/2020,55-59,זכר,3187,2234,252,<15,
09/08/2020,15/08/2020,60-64,לא ידוע,<15,<15,0,0,
09/08/2020,15/08/2020,60-64,נקבה,5356,3041,216,<15,
09/08/2020,15/08/2020,60-64,זכר,2988,2006,242,<15,
09/08/2020,15/08/2020,65-69,לא ידוע,<15,<15,0,0,
09/08/2020,15/08/2020,65-69,נקבה,3877,2255,152,<15,
09/08/2020,15/08/2020,65-69,זכר,2753,1772,202,0,
09/08/2020,15/08/2020,70-74,לא ידוע,<15,<15,0,0,
09/08/2020,15/08/2020,70-74,נקבה,3431,2036,117,<15,
09/08/2020,15/08/2020,70-74,זכר,2399,1464,123,<15,
09/08/2020,15/08/2020,75-79,לא ידוע,0,0,0,0,
09/08/2020,15/08/2020,75-79,נקבה,2366,1443,65,<15,
09/08/2020,15/08/2020,75-79,זכר,1617,970,82,<15,
09/08/2020,15/08/2020,80+,נקבה,9836,5371,166,28,
09/08/2020,15/08/2020,80+,זכר,4206,2437,97,17,
09/08/2020,15/08/2020,80+,לא ידוע,0,0,0,0,
09/08/2020,15/08/2020,NULL,לא ידוע,559,333,18,0,
09/08/2020,15/08/2020,NULL,זכר,1301,1070,65,0,
09/08/2020,15/08/2020,NULL,נקבה,932,776,30,0,
16/08/2020,22/08/2020,0-19,נקבה,11391,9755,1385,0,
16/08/2020,22/08/2020,0-19,לא ידוע,133,109,46,0,
16/08/2020,22/08/2020,0-19,זכר,17420,15450,1380,0,
16/08/2020,22/08/2020,20-24,זכר,7908,6371,483,0,
16/08/2020,22/08/2020,20-24,לא ידוע,<15,<15,0,0,
16/08/2020,22/08/2020,20-24,נקבה,6218,4796,611,0,
16/08/2020,22/08/2020,25-29,לא ידוע,<15,<15,0,0,
16/08/2020,22/08/2020,25-29,זכר,5398,3873,357,0,
16/08/2020,22/08/2020,25-29,נקבה,6860,4695,495,0,
16/08/2020,22/08/2020,30-34,זכר,5317,3687,355,0,
16/08/2020,22/08/2020,30-34,לא ידוע,17,<15,0,0,
16/08/2020,22/08/2020,30-34,נקבה,7212,4527,372,0,
16/08/2020,22/08/2020,35-39,לא ידוע,18,<15,<15,0,
16/08/2020,22/08/2020,35-39,נקבה,6561,3736,310,0,
16/08/2020,22/08/2020,35-39,זכר,4764,3224,279,<15,
16/08/2020,22/08/2020,40-44,זכר,4317,2879,255,0,
16/08/2020,22/08/2020,40-44,נקבה,6386,3300,312,0,
16/08/2020,22/08/2020,40-44,לא ידוע,<15,<15,<15,0,
16/08/2020,22/08/2020,45-49,לא ידוע,15,<15,0,0,
16/08/2020,22/08/2020,45-49,זכר,4099,2664,288,0,
16/08/2020,22/08/2020,45-49,נקבה,6594,3080,372,<15,
16/08/2020,22/08/2020,50-54,נקבה,6323,2812,288,<15,
16/08/2020,22/08/2020,50-54,זכר,3729,2255,274,<15,
16/08/2020,22/08/2020,50-54,לא ידוע,<15,<15,0,0,
16/08/2020,22/08/2020,55-59,נקבה,5806,2440,255,0,
16/08/2020,22/08/2020,55-59,לא ידוע,<15,<15,0,0,
16/08/2020,22/08/2020,55-59,זכר,3341,1994,208,<15,
16/08/2020,22/08/2020,60-64,לא ידוע,<15,<15,<15,0,
16/08/2020,22/08/2020,60-64,נקבה,5592,2166,208,<15,
16/08/2020,22/08/2020,60-64,זכר,3090,1719,184,<15,
16/08/2020,22/08/2020,65-69,לא ידוע,<15,<15,0,0,
16/08/2020,22/08/2020,65-69,נקבה,4006,1752,163,<15,
16/08/2020,22/08/2020,65-69,זכר,2831,1528,151,<15,
16/08/2020,22/08/2020,70-74,לא ידוע,<15,<15,<15,0,
16/08/2020,22/08/2020,70-74,נקבה,3278,1493,112,<15,
16/08/2020,22/08/2020,70-74,זכר,2512,1302,119,<15,
16/08/2020,22/08/2020,75-79,לא ידוע,<15,<15,0,0,
16/08/2020,22/08/2020,75-79,נקבה,2178,1054,81,<15,
16/08/2020,22/08/2020,75-79,זכר,1594,775,68,<15,
16/08/2020,22/08/2020,80+,נקבה,9820,4058,200,17,
16/08/2020,22/08/2020,80+,זכר,4197,1971,117,22,
16/08/2020,22/08/2020,80+,לא ידוע,<15,<15,0,0,
16/08/2020,22/08/2020,NULL,לא ידוע,625,321,15,0,
16/08/2020,22/08/2020,NULL,זכר,1209,921,35,0,
16/08/2020,22/08/2020,NULL,נקבה,1045,805,42,0,
30/08/2020,05/09/2020,0-19,לא ידוע,132,130,31,0,
30/08/2020,05/09/2020,0-19,זכר,22405,21558,3387,0,
30/08/2020,05/09/2020,0-19,נקבה,16309,15817,1869,0,
30/08/2020,05/09/2020,20-24,נקבה,7682,7323,841,0,
30/08/2020,05/09/2020,20-24,זכר,9428,8858,1238,0,
30/08/2020,05/09/2020,20-24,לא ידוע,<15,<15,<15,0,
30/08/2020,05/09/2020,25-29,לא ידוע,<15,<15,<15,0,
30/08/2020,05/09/2020,25-29,זכר,7198,6780,646,0,
30/08/2020,05/09/2020,25-29,נקבה,8591,8044,673,0,
30/08/2020,05/09/2020,30-34,נקבה,8552,7989,602,0,
30/08/2020,05/09/2020,30-34,לא ידוע,16,16,<15,0,
30/08/2020,05/09/2020,30-34,זכר,6571,6192,528,0,
30/08/2020,05/09/2020,35-39,נקבה,7733,7201,536,0,
30/08/2020,05/09/2020,35-39,זכר,5922,5552,464,0,
30/08/2020,05/09/2020,35-39,לא ידוע,<15,<15,0,0,
30/08/2020,05/09/2020,40-44,לא ידוע,<15,<15,0,0,
30/08/2020,05/09/2020,40-44,זכר,5374,5053,455,0,
30/08/2020,05/09/2020,40-44,נקבה,7515,6927,550,0,
30/08/2020,05/09/2020,45-49,נקבה,7826,7147,583,0,
30/08/2020,05/09/2020,45-49,לא ידוע,15,15,0,0,
30/08/2020,05/09/2020,45-49,זכר,5292,4939,489,0,
30/08/2020,05/09/2020,50-54,נקבה,7101,6500,472,0,
30/08/2020,05/09/2020,50-54,זכר,4714,4350,472,<15,
30/08/2020,05/09/2020,50-54,לא ידוע,<15,<15,0,0,
30/08/2020,05/09/2020,55-59,זכר,4107,3769,363,<15,
30/08/2020,05/09/2020,55-59,לא ידוע,<15,<15,0,0,
30/08/2020,05/09/2020,55-59,נקבה,6455,5926,393,<15,
30/08/2020,05/09/2020,60-64,לא ידוע,<15,<15,0,0,
30/08/2020,05/09/2020,60-64,זכר,3731,3417,330,<15,
30/08/2020,05/09/2020,60-64,נקבה,5783,5294,345,0,
30/08/2020,05/09/2020,65-69,זכר,3292,2966,281,<15,
30/08/2020,05/09/2020,65-69,לא ידוע,<15,<15,0,0,
30/08/2020,05/09/2020,65-69,נקבה,4068,3710,246,<15,
30/08/2020,05/09/2020,70-74,לא ידוע,<15,<15,0,0,
30/08/2020,05/09/2020,70-74,נקבה,3320,2978,175,<15,
30/08/2020,05/09/2020,70-74,זכר,2667,2366,199,<15,
30/08/2020,05/09/2020,75-79,זכר,1646,1429,131,<15,
30/08/2020,05/09/2020,75-79,נקבה,2164,1890,141,<15,
30/08/2020,05/09/2020,75-79,לא ידוע,<15,<15,0,0,
30/08/2020,05/09/2020,80+,לא ידוע,<15,<15,0,0,
30/08/2020,05/09/2020,80+,נקבה,9662,8074,361,21,
30/08/2020,05/09/2020,80+,זכר,4018,3401,221,16,
30/08/2020,05/09/2020,NULL,זכר,1524,1403,36,0,
30/08/2020,05/09/2020,NULL,לא ידוע,680,623,31,0,
30/08/2020,05/09/2020,NULL,נקבה,1137,1087,51,0,
06/09/2020,12/09/2020,0-19,לא ידוע,221,201,41,0,
06/09/2020,12/09/2020,0-19,זכר,42285,37529,5239,0,
06/09/2020,12/09/2020,0-19,נקבה,36527,34106,3273,0,
06/09/2020,12/09/2020,20-24,נקבה,10414,8858,1144,0,
06/09/2020,12/09/2020,20-24,זכר,10821,8125,1640,0,
06/09/2020,12/09/2020,20-24,לא ידוע,<15,<15,<15,0,
06/09/2020,12/09/2020,25-29,לא ידוע,16,<15,<15,0,
06/09/2020,12/09/2020,25-29,זכר,9307,7601,1032,0,
06/09/2020,12/09/2020,25-29,נקבה,11661,9433,1050,0,
06/09/2020,12/09/2020,30-34,נקבה,11892,9545,854,0,
06/09/2020,12/09/2020,30-34,לא ידוע,20,16,0,0,
06/09/2020,12/09/2020,30-34,זכר,8948,7267,760,<15,
06/09/2020,12/09/2020,35-39,נקבה,11430,8960,886,0,
06/09/2020,12/09/2020,35-39,זכר,8472,6839,747,<15,
06/09/2020,12/09/2020,35-39,לא ידוע,17,<15,0,0,
06/09/2020,12/09/2020,40-44,לא ידוע,18,<15,<15,0,
06/09/2020,12/09/2020,40-44,זכר,7411,5959,646,<15,
06/09/2020,12/09/2020,40-44,נקבה,10994,8223,833,0,
06/09/2020,12/09/2020,45-49,נקבה,10623,7477,791,0,
06/09/2020,12/09/2020,45-49,לא ידוע,<15,<15,0,0,
06/09/2020,12/09/2020,45-49,זכר,6856,5416,658,<15,
06/09/2020,12/09/2020,50-54,נקבה,9368,6361,646,0,
06/09/2020,12/09/2020,50-54,זכר,5978,4610,576,<15,
06/09/2020,12/09/2020,50-54,לא ידוע,<15,<15,<15,0,
06/09/2020,12/09/2020,55-59,זכר,4961,3704,470,<15,
06/09/2020,12/09/2020,55-59,לא ידוע,<15,<15,0,0,
06/09/2020,12/09/2020,55-59,נקבה,8022,5179,528,0,
06/09/2020,12/09/2020,60-64,לא ידוע,<15,<15,0,0,
06/09/2020,12/09/2020,60-64,זכר,4621,3408,397,<15,
06/09/2020,12/09/2020,60-64,נקבה,7212,4415,431,<15,
06/09/2020,12/09/2020,65-69,זכר,3998,2862,306,<15,
06/09/2020,12/09/2020,65-69,לא ידוע,<15,<15,0,0,
06/09/2020,12/09/2020,65-69,נקבה,4936,3218,279,<15,
06/09/2020,12/09/2020,70-74,לא ידוע,<15,<15,0,0,
06/09/2020,12/09/2020,70-74,נקבה,3923,2528,202,<15,
06/09/2020,12/09/2020,70-74,זכר,3152,2210,215,<15,
06/09/2020,12/09/2020,75-79,זכר,1977,1364,145,<15,
06/09/2020,12/09/2020,75-79,נקבה,2664,1740,150,<15,
06/09/2020,12/09/2020,75-79,לא ידוע,<15,<15,0,0,
06/09/2020,12/09/2020,80+,לא ידוע,<15,<15,0,0,
06/09/2020,12/09/2020,80+,נקבה,9619,5527,282,22,
06/09/2020,12/09/2020,80+,זכר,4412,2738,193,30,
06/09/2020,12/09/2020,NULL,זכר,1537,1273,73,0,
06/09/2020,12/09/2020,NULL,לא ידוע,644,448,31,0,
06/09/2020,12/09/2020,NULL,נקבה,1226,1041,53,<15,
13/09/2020,19/09/2020,0-19,לא ידוע,201,182,35,0,
13/09/2020,19/09/2020,0-19,זכר,56875,49367,6529,<15,
13/09/2020,19/09/2020,0-19,נקבה,50954,45751,4622,0,
13/09/2020,19/09/2020,20-24,נקבה,13108,10610,1577,0,
13/09/2020,19/09/2020,20-24,זכר,12746,9360,2171,0,
13/09/2020,19/09/2020,20-24,לא ידוע,<15,<15,<15,0,
13/09/2020,19/09/2020,25-29,לא ידוע,<15,<15,0,0,
13/09/2020,19/09/2020,25-29,זכר,11924,9263,1386,0,
13/09/2020,19/09/2020,25-29,נקבה,14903,11391,1325,0,
13/09/2020,19/09/2020,30-34,נקבה,15642,11725,1217,0,
13/09/2020,19/09/2020,30-34,לא ידוע,<15,<15,0,0,
13/09/2020,19/09/2020,30-34,זכר,11732,9073,1075,0,
13/09/2020,19/09/2020,35-39,נקבה,14683,10852,1126,0,
13/09/2020,19/09/2020,35-39,זכר,11287,8745,1049,0,
13/09/2020,19/09/2020,35-39,לא ידוע,<15,<15,0,0,
13/09/2020,19/09/2020,40-44,לא ידוע,<15,<15,0,0,
13/09/2020,19/09/2020,40-44,זכר,9915,7691,1039,<15,
13/09/2020,19/09/2020,40-44,נקבה,13657,9652,1059,0,
13/09/2020,19/09/2020,45-49,נקבה,12724,8470,1083,0,
13/09/2020,19/09/2020,45-49,לא ידוע,<15,<15,<15,0,
13/09/2020,19/09/2020,45-49,זכר,8659,6537,943,0,
13/09/2020,19/09/2020,50-54,נקבה,10808,6586,851,<15,
13/09/2020,19/09/2020,50-54,זכר,7150,5259,752,<15,
13/09/2020,19/09/2020,50-54,לא ידוע,<15,<15,<15,0,
13/09/2020,19/09/2020,55-59,זכר,6029,4282,654,<15,
13/09/2020,19/09/2020,55-59,לא ידוע,<15,<15,0,0,
13/09/2020,19/09/2020,55-59,נקבה,9207,5409,699,<15,
13/09/2020,19/09/2020,60-64,לא ידוע,<15,<15,0,0,
13/09/2020,19/09/2020,60-64,זכר,5473,3832,545,<15,
13/09/2020,19/09/2020,60-64,נקבה,7844,4416,525,<15,
13/09/2020,19/09/2020,65-69,זכר,4759,3127,412,<15,
13/09/2020,19/09/2020,65-69,לא ידוע,<15,<15,<15,0,
13/09/2020,19/09/2020,65-69,נקבה,5566,3220,395,<15,
13/09/2020,19/09/2020,70-74,לא ידוע,<15,<15,0,0,
13/09/2020,19/09/2020,70-74,נקבה,4369,2489,251,<15,
13/09/2020,19/09/2020,70-74,זכר,3733,2375,303,<15,
13/09/2020,19/09/2020,75-79,זכר,2245,1320,146,<15,
13/09/2020,19/09/2020,75-79,נקבה,3088,1689,146,<15,
13/09/2020,19/09/2020,75-79,לא ידוע,<15,<15,0,0,
13/09/2020,19/09/2020,80+,לא ידוע,<15,<15,0,0,
13/09/2020,19/09/2020,80+,נקבה,11691,5340,313,34,
13/09/2020,19/09/2020,80+,זכר,5325,2747,228,27,
13/09/2020,19/09/2020,NULL,זכר,1981,1604,83,0,
13/09/2020,19/09/2020,NULL,לא ידוע,753,479,26,0,
13/09/2020,19/09/2020,NULL,נקבה,1508,1240,64,0,
27/09/2020,03/10/2020,0-19,לא ידוע,204,195,31,0,
27/09/2020,03/10/2020,0-19,נקבה,34492,32992,4982,0,
27/09/2020,03/10/2020,0-19,זכר,38473,36757,6457,0,
27/09/2020,03/10/2020,20-24,לא ידוע,<15,<15,0,0,
27/09/2020,03/10/2020,20-24,זכר,12490,11796,2436,0,
27/09/2020,03/10/2020,20-24,נקבה,12241,11729,1831,0,
27/09/2020,03/10/2020,25-29,זכר,10847,10323,1751,0,
27/09/2020,03/10/2020,25-29,לא ידוע,<15,<15,<15,0,
27/09/2020,03/10/2020,25-29,נקבה,12668,12040,1531,0,
27/09/2020,03/10/2020,30-34,זכר,10087,9666,1516,0,
27/09/2020,03/10/2020,30-34,לא ידוע,<15,<15,<15,0,
27/09/2020,03/10/2020,30-34,נקבה,12001,11447,1244,0,
27/09/2020,03/10/2020,35-39,לא ידוע,<15,<15,<15,0,
27/09/2020,03/10/2020,35-39,זכר,8900,8514,1389,<15,
27/09/2020,03/10/2020,35-39,נקבה,10988,10466,1161,0,
27/09/2020,03/10/2020,40-44,לא ידוע,<15,<15,<15,0,
27/09/2020,03/10/2020,40-44,נקבה,10914,10374,1100,0,
27/09/2020,03/10/2020,40-44,זכר,8039,7667,1211,0,
27/09/2020,03/10/2020,45-49,לא ידוע,<15,<15,0,0,
27/09/2020,03/10/2020,45-49,נקבה,10826,10257,1120,0,
27/09/2020,03/10/2020,45-49,זכר,7678,7293,1211,<15,
27/09/2020,03/10/2020,50-54,לא ידוע,<15,<15,<15,0,
27/09/2020,03/10/2020,50-54,נקבה,10054,9508,941,<15,
27/09/2020,03/10/2020,50-54,זכר,6730,6371,981,<15,
27/09/2020,03/10/2020,55-59,לא ידוע,<15,<15,0,0,
27/09/2020,03/10/2020,55-59,נקבה,8865,8425,803,<15,
27/09/2020,03/10/2020,55-59,זכר,6013,5684,886,<15,
27/09/2020,03/10/2020,60-64,לא ידוע,<15,<15,0,0,
27/09/2020,03/10/2020,60-64,זכר,5623,5301,871,<15,
27/09/2020,03/10/2020,60-64,נקבה,7992,7547,685,<15,
27/09/2020,03/10/2020,65-69,נקבה,5732,5374,542,<15,
27/09/2020,03/10/2020,65-69,זכר,4751,4413,748,<15,
27/09/2020,03/10/2020,65-69,לא ידוע,<15,<15,0,0,
27/09/2020,03/10/2020,70-74,לא ידוע,0,0,0,0,
27/09/2020,03/10/2020,70-74,נקבה,4769,4472,419,<15,
27/09/2020,03/10/2020,70-74,זכר,3871,3570,559,<15,
27/09/2020,03/10/2020,75-79,נקבה,3107,2855,297,<15,
27/09/2020,03/10/2020,75-79,לא ידוע,<15,<15,<15,0,
27/09/2020,03/10/2020,75-79,זכר,2308,2084,315,<15,
27/09/2020,03/10/2020,80+,נקבה,11573,10392,679,32,
27/09/2020,03/10/2020,80+,זכר,5463,4855,517,43,
27/09/2020,03/10/2020,80+,לא ידוע,<15,<15,0,0,
27/09/2020,03/10/2020,NULL,לא ידוע,704,636,69,0,
27/09/2020,03/10/2020,NULL,זכר,1601,1495,121,0,
27/09/2020,03/10/2020,NULL,נקבה,1451,1385,109,0,
04/10/2020,10/10/2020,0-19,לא ידוע,205,178,44,0,
04/10/2020,10/10/2020,0-19,נקבה,29452,23409,3965,0,
04/10/2020,10/10/2020,0-19,זכר,31074,24383,4189,0,
04/10/2020,10/10/2020,20-24,לא ידוע,<15,<15,0,0,
04/10/2020,10/10/2020,20-24,זכר,11020,8617,1494,0,
04/10/2020,10/10/2020,20-24,נקבה,11567,9042,1310,<15,
04/10/2020,10/10/2020,25-29,זכר,10148,7799,1144,0,
04/10/2020,10/10/2020,25-29,לא ידוע,<15,<15,0,0,
04/10/2020,10/10/2020,25-29,נקבה,11848,8771,1010,0,
04/10/2020,10/10/2020,30-34,זכר,9101,6941,949,0,
04/10/2020,10/10/2020,30-34,לא ידוע,15,<15,0,0,
04/10/2020,10/10/2020,30-34,נקבה,11379,8170,874,<15,
04/10/2020,10/10/2020,35-39,לא ידוע,20,15,0,0,
04/10/2020,10/10/2020,35-39,זכר,8095,6077,872,<15,
04/10/2020,10/10/2020,35-39,נקבה,10451,7144,799,0,
04/10/2020,10/10/2020,40-44,לא ידוע,18,<15,<15,0,
04/10/2020,10/10/2020,40-44,נקבה,10441,6895,823,0,
04/10/2020,10/10/2020,40-44,זכר,7399,5563,803,0,
04/10/2020,10/10/2020,45-49,לא ידוע,<15,<15,0,0,
04/10/2020,10/10/2020,45-49,נקבה,10562,6522,774,0,
04/10/2020,10/10/2020,45-49,זכר,7072,5223,746,0,
04/10/2020,10/10/2020,50-54,לא ידוע,<15,<15,0,0,
04/10/2020,10/10/2020,50-54,נקבה,10027,5964,631,0,
04/10/2020,10/10/2020,50-54,זכר,6264,4537,632,<15,
04/10/2020,10/10/2020,55-59,לא ידוע,<15,<15,0,0,
04/10/2020,10/10/2020,55-59,נקבה,9011,5351,612,<15,
04/10/2020,10/10/2020,55-59,זכר,5811,4138,634,<15,
04/10/2020,10/10/2020,60-64,לא ידוע,<15,<15,0,0,
04/10/2020,10/10/2020,60-64,זכר,5653,3940,614,<15,
04/10/2020,10/10/2020,60-64,נקבה,8374,4930,497,<15,
04/10/2020,10/10/2020,65-69,נקבה,6296,3951,422,<15,
04/10/2020,10/10/2020,65-69,זכר,5096,3487,519,<15,
04/10/2020,10/10/2020,65-69,לא ידוע,<15,0,0,0,
04/10/2020,10/10/2020,70-74,לא ידוע,0,0,0,0,
04/10/2020,10/10/2020,70-74,נקבה,5469,3433,360,<15,
04/10/2020,10/10/2020,70-74,זכר,4116,2704,407,18,
04/10/2020,10/10/2020,75-79,נקבה,3455,2135,227,<15,
04/10/2020,10/10/2020,75-79,לא ידוע,<15,<15,0,0,
04/10/2020,10/10/2020,75-79,זכר,2661,1725,249,16,
04/10/2020,10/10/2020,80+,נקבה,13401,6950,537,65,
04/10/2020,10/10/2020,80+,זכר,6325,3527,408,66,
04/10/2020,10/10/2020,80+,לא ידוע,<15,<15,0,0,
04/10/2020,10/10/2020,NULL,לא ידוע,711,420,45,0,
04/10/2020,10/10/2020,NULL,זכר,1600,1333,122,0,
04/10/2020,10/10/2020,NULL,נקבה,1404,1180,80,0,
11/10/2020,17/10/2020,0-19,לא ידוע,117,86,19,0,
11/10/2020,17/10/2020,0-19,נקבה,21683,15087,2047,0,
11/10/2020,17/10/2020,0-19,זכר,23657,16595,2065,0,
11/10/2020,17/10/2020,20-24,לא ידוע,<15,<15,<15,0,
11/10/2020,17/10/2020,20-24,זכר,8724,6177,734,0,
11/10/2020,17/10/2020,20-24,נקבה,9807,6730,695,0,
11/10/2020,17/10/2020,25-29,זכר,8252,5390,522,0,
11/10/2020,17/10/2020,25-29,לא ידוע,<15,<15,0,0,
11/10/2020,17/10/2020,25-29,נקבה,10597,6728,551,0,
11/10/2020,17/10/2020,30-34,זכר,7649,5041,432,0,
11/10/2020,17/10/2020,30-34,לא ידוע,20,<15,<15,0,
11/10/2020,17/10/2020,30-34,נקבה,10820,6622,459,0,
11/10/2020,17/10/2020,35-39,לא ידוע,18,<15,0,0,
11/10/2020,17/10/2020,35-39,זכר,6906,4541,379,0,
11/10/2020,17/10/2020,35-39,נקבה,10298,6046,403,0,
11/10/2020,17/10/2020,40-44,לא ידוע,17,<15,<15,0,
11/10/2020,17/10/2020,40-44,נקבה,10440,5774,391,0,
11/10/2020,17/10/2020,40-44,זכר,6413,4160,357,0,
11/10/2020,17/10/2020,45-49,לא ידוע,17,<15,<15,0,
11/10/2020,17/10/2020,45-49,נקבה,10788,5641,365,0,
11/10/2020,17/10/2020,45-49,זכר,6299,3956,329,<15,
11/10/2020,17/10/2020,50-54,לא ידוע,<15,<15,0,0,
11/10/2020,17/10/2020,50-54,נקבה,10300,5073,358,<15,
11/10/2020,17/10/2020,50-54,זכר,5688,3555,297,<15,
11/10/2020,17/10/2020,55-59,לא ידוע,<15,<15,<15,0,
11/10/2020,17/10/2020,55-59,נקבה,9588,4728,280,<15,
11/10/2020,17/10/2020,55-59,זכר,5222,3055,269,<15,
11/10/2020,17/10/2020,60-64,לא ידוע,<15,<15,0,0,
11/10/2020,17/10/2020,60-64,זכר,5196,3068,258,<15,
11/10/2020,17/10/2020,60-64,נקבה,8778,3965,245,<15,
11/10/2020,17/10/2020,65-69,נקבה,6374,3148,174,<15,
11/10/2020,17/10/2020,65-69,זכר,4730,2664,212,18,
11/10/2020,17/10/2020,65-69,לא ידוע,<15,<15,<15,0,
11/10/2020,17/10/2020,70-74,לא ידוע,<15,<15,<15,0,
11/10/2020,17/10/2020,70-74,נקבה,5176,2609,129,<15,
11/10/2020,17/10/2020,70-74,זכר,4134,2336,175,27,
11/10/2020,17/10/2020,75-79,נקבה,3270,1672,104,<15,
11/10/2020,17/10/2020,75-79,לא ידוע,<15,<15,0,0,
11/10/2020,17/10/2020,75-79,זכר,2502,1330,117,21,
11/10/2020,17/10/2020,80+,נקבה,11734,4592,281,49,
11/10/2020,17/10/2020,80+,זכר,5451,2360,171,72,
11/10/2020,17/10/2020,80+,לא ידוע,<15,<15,0,0,
11/10/2020,17/10/2020,NULL,לא ידוע,642,371,29,0,
11/10/2020,17/10/2020,NULL,זכר,1566,1237,63,<15,
11/10/2020,17/10/2020,NULL,נקבה,1445,1178,76,0,
25/10/2020,31/10/2020,0-19,זכר,23875,22566,734,0,
25/10/2020,31/10/2020,0-19,לא ידוע,84,79,<15,0,
25/10/2020,31/10/2020,0-19,נקבה,16099,15530,604,0,
25/10/2020,31/10/2020,20-24,לא ידוע,<15,<15,<15,0,
25/10/2020,31/10/2020,20-24,זכר,9446,8791,261,0,
25/10/2020,31/10/2020,20-24,נקבה,7566,7298,271,0,
25/10/2020,31/10/2020,25-29,נקבה,9731,9335,256,0,
25/10/2020,31/10/2020,25-29,לא ידוע,<15,<15,0,0,
25/10/2020,31/10/2020,25-29,זכר,6902,6581,202,0,
25/10/2020,31/10/2020,30-34,זכר,7180,6899,175,<15,
25/10/2020,31/10/2020,30-34,לא ידוע,<15,<15,0,0,
25/10/2020,31/10/2020,30-34,נקבה,10673,10231,172,0,
25/10/2020,31/10/2020,35-39,לא ידוע,<15,<15,0,0,
25/10/2020,31/10/2020,35-39,זכר,6636,6360,172,<15,
25/10/2020,31/10/2020,35-39,נקבה,10149,9741,186,0,
25/10/2020,31/10/2020,40-44,לא ידוע,17,16,0,0,
25/10/2020,31/10/2020,40-44,נקבה,9902,9491,179,0,
25/10/2020,31/10/2020,40-44,זכר,5912,5621,147,0,
25/10/2020,31/10/2020,45-49,נקבה,10123,9640,184,0,
25/10/2020,31/10/2020,45-49,לא ידוע,<15,<15,<15,0,
25/10/2020,31/10/2020,45-49,זכר,5550,5303,158,<15,
25/10/2020,31/10/2020,50-54,נקבה,9266,8882,178,0,
25/10/2020,31/10/2020,50-54,זכר,4934,4691,133,0,
25/10/2020,31/10/2020,50-54,לא ידוע,<15,<15,0,0,
25/10/2020,31/10/2020,55-59,נקבה,8526,8156,152,<15,
25/10/2020,31/10/2020,55-59,לא ידוע,<15,<15,0,0,
25/10/2020,31/10/2020,55-59,זכר,4488,4218,136,<15,
25/10/2020,31/10/2020,60-64,זכר,4410,4136,151,<15,
25/10/2020,31/10/2020,60-64,לא ידוע,<15,<15,0,0,
25/10/2020,31/10/2020,60-64,נקבה,7888,7519,120,<15,
25/10/2020,31/10/2020,65-69,זכר,4129,3843,126,<15,
25/10/2020,31/10/2020,65-69,לא ידוע,<15,<15,0,0,
25/10/2020,31/10/2020,65-69,נקבה,5473,5178,102,<15,
25/10/2020,31/10/2020,70-74,נקבה,4443,4162,95,<15,
25/10/2020,31/10/2020,70-74,זכר,3493,3168,111,<15,
25/10/2020,31/10/2020,70-74,לא ידוע,<15,<15,0,0,
25/10/2020,31/10/2020,75-79,זכר,1940,1751,69,<15,
25/10/2020,31/10/2020,75-79,נקבה,2448,2242,60,0,
25/10/2020,31/10/2020,75-79,לא ידוע,<15,<15,0,0,
25/10/2020,31/10/2020,80+,לא ידוע,<15,<15,0,0,
25/10/2020,31/10/2020,80+,זכר,4033,3561,126,16,
25/10/2020,31/10/2020,80+,נקבה,8255,7280,209,21,
25/10/2020,31/10/2020,NULL,נקבה,1482,1427,32,0,
25/10/2020,31/10/2020,NULL,לא ידוע,751,701,33,0,
25/10/2020,31/10/2020,NULL,זכר,2029,1902,65,0,
01/11/2020,07/11/2020,0-19,זכר,28227,21935,614,0,
01/11/2020,07/11/2020,0-19,לא ידוע,65,51,<15,0,
01/11/2020,07/11/2020,0-19,נקבה,17201,15376,600,0,
01/11/2020,07/11/2020,20-24,לא ידוע,<15,<15,<15,0,
01/11/2020,07/11/2020,20-24,זכר,9717,6462,214,0,
01/11/2020,07/11/2020,20-24,נקבה,7099,5534,223,0,
01/11/2020,07/11/2020,25-29,נקבה,9214,6871,239,0,
01/11/2020,07/11/2020,25-29,לא ידוע,<15,<15,<15,0,
01/11/2020,07/11/2020,25-29,זכר,7376,5611,194,0,
01/11/2020,07/11/2020,30-34,זכר,7229,5725,159,<15,
01/11/2020,07/11/2020,30-34,לא ידוע,<15,<15,0,0,
01/11/2020,07/11/2020,30-34,נקבה,9875,7130,215,<15,
01/11/2020,07/11/2020,35-39,לא ידוע,15,<15,0,0,
01/11/2020,07/11/2020,35-39,זכר,6976,5447,134,0,
01/11/2020,07/11/2020,35-39,נקבה,9213,6309,160,0,
01/11/2020,07/11/2020,40-44,לא ידוע,15,<15,0,0,
01/11/2020,07/11/2020,40-44,נקבה,8913,5697,192,0,
01/11/2020,07/11/2020,40-44,זכר,6144,4802,152,0,
01/11/2020,07/11/2020,45-49,נקבה,8789,5119,197,0,
01/11/2020,07/11/2020,45-49,לא ידוע,<15,<15,0,0,
01/11/2020,07/11/2020,45-49,זכר,5696,4334,156,0,
01/11/2020,07/11/2020,50-54,נקבה,8146,4465,162,<15,
01/11/2020,07/11/2020,50-54,זכר,4856,3582,138,<15,
01/11/2020,07/11/2020,50-54,לא ידוע,<15,<15,0,0,
01/11/2020,07/11/2020,55-59,נקבה,7646,4046,134,<15,
01/11/2020,07/11/2020,55-59,לא ידוע,<15,<15,0,0,
01/11/2020,07/11/2020,55-59,זכר,4470,3174,138,<15,
01/11/2020,07/11/2020,60-64,זכר,4383,3096,96,<15,
01/11/2020,07/11/2020,60-64,לא ידוע,<15,<15,0,0,
01/11/2020,07/11/2020,60-64,נקבה,7362,3741,103,<15,
01/11/2020,07/11/2020,65-69,זכר,4124,2933,74,<15,
01/11/2020,07/11/2020,65-69,לא ידוע,<15,<15,0,0,
01/11/2020,07/11/2020,65-69,נקבה,5309,2975,92,<15,
01/11/2020,07/11/2020,70-74,נקבה,4380,2511,65,<15,
01/11/2020,07/11/2020,70-74,זכר,3590,2569,62,<15,
01/11/2020,07/11/2020,70-74,לא ידוע,0,0,0,0,
01/11/2020,07/11/2020,75-79,זכר,1917,1375,42,<15,
01/11/2020,07/11/2020,75-79,נקבה,2529,1620,37,<15,
01/11/2020,07/11/2020,75-79,לא ידוע,<15,<15,0,0,
01/11/2020,07/11/2020,80+,לא ידוע,<15,<15,0,0,
01/11/2020,07/11/2020,80+,זכר,3735,2351,67,16,
01/11/2020,07/11/2020,80+,נקבה,7380,4233,104,26,
01/11/2020,07/11/2020,NULL,נקבה,1200,1035,28,<15,
01/11/2020,07/11/2020,NULL,לא ידוע,526,336,<15,0,
01/11/2020,07/11/2020,NULL,זכר,1719,1487,26,0,
08/11/2020,14/11/2020,0-19,זכר,30099,22981,664,0,
08/11/2020,14/11/2020,0-19,לא ידוע,135,114,<15,0,
08/11/2020,14/11/2020,0-19,נקבה,21889,18672,583,0,
08/11/2020,14/11/2020,20-24,לא ידוע,<15,<15,0,0,
08/11/2020,14/11/2020,20-24,זכר,7559,4680,198,0,
08/11/2020,14/11/2020,20-24,נקבה,7654,5385,216,0,
08/11/2020,14/11/2020,25-29,נקבה,9773,6709,234,0,
08/11/2020,14/11/2020,25-29,לא ידוע,<15,<15,0,0,
08/11/2020,14/11/2020,25-29,זכר,7125,4892,141,0,
08/11/2020,14/11/2020,30-34,זכר,7827,5676,167,0,
08/11/2020,14/11/2020,30-34,לא ידוע,<15,<15,<15,0,
08/11/2020,14/11/2020,30-34,נקבה,11080,7423,167,0,
08/11/2020,14/11/2020,35-39,לא ידוע,15,<15,0,0,
08/11/2020,14/11/2020,35-39,זכר,7783,5678,141,0,
08/11/2020,14/11/2020,35-39,נקבה,10547,6857,168,0,
08/11/2020,14/11/2020,40-44,לא ידוע,<15,<15,0,0,
08/11/2020,14/11/2020,40-44,נקבה,9708,5709,182,0,
08/11/2020,14/11/2020,40-44,זכר,6785,4872,170,0,
08/11/2020,14/11/2020,45-49,נקבה,9191,4780,170,<15,
08/11/2020,14/11/2020,45-49,לא ידוע,<15,<15,0,0,
08/11/2020,14/11/2020,45-49,זכר,6098,4228,134,<15,
08/11/2020,14/11/2020,50-54,נקבה,8200,3883,144,<15,
08/11/2020,14/11/2020,50-54,זכר,4905,3312,130,<15,
08/11/2020,14/11/2020,50-54,לא ידוע,<15,<15,0,0,
08/11/2020,14/11/2020,55-59,נקבה,7692,3514,112,<15,
08/11/2020,14/11/2020,55-59,לא ידוע,<15,<15,0,0,
08/11/2020,14/11/2020,55-59,זכר,4665,3045,118,<15,
08/11/2020,14/11/2020,60-64,זכר,4593,3045,91,<15,
08/11/2020,14/11/2020,60-64,לא ידוע,<15,<15,0,0,
08/11/2020,14/11/2020,60-64,נקבה,7557,3362,102,<15,
08/11/2020,14/11/2020,65-69,זכר,4337,2970,93,<15,
08/11/2020,14/11/2020,65-69,לא ידוע,<15,<15,0,0,
08/11/2020,14/11/2020,65-69,נקבה,5651,2907,88,<15,
08/11/2020,14/11/2020,70-74,נקבה,4569,2507,71,<15,
08/11/2020,14/11/2020,70-74,זכר,3777,2547,65,<15,
08/11/2020,14/11/2020,70-74,לא ידוע,<15,<15,0,0,
08/11/2020,14/11/2020,75-79,זכר,2180,1516,47,<15,
08/11/2020,14/11/2020,75-79,נקבה,2583,1582,39,<15,
08/11/2020,14/11/2020,75-79,לא ידוע,<15,0,0,0,
08/11/2020,14/11/2020,80+,לא ידוע,<15,<15,0,0,
08/11/2020,14/11/2020,80+,זכר,3820,2308,45,<15,
08/11/2020,14/11/2020,80+,נקבה,7027,3721,77,<15,
08/11/2020,14/11/2020,NULL,נקבה,1231,1069,27,0,
08/11/2020,14/11/2020,NULL,לא ידוע,510,302,<15,0,
08/11/2020,14/11/2020,NULL,זכר,1917,1495,28,0,
22/11/2020,28/11/2020,0-19,נקבה,32946,30895,894,0,
22/11/2020,28/11/2020,0-19,זכר,40218,36544,855,0,
22/11/2020,28/11/2020,0-19,לא ידוע,198,187,<15,0,
22/11/2020,28/11/2020,20-24,נקבה,11349,10633,336,0,
22/11/2020,28/11/2020,20-24,זכר,12633,11176,289,0,
22/11/2020,28/11/2020,20-24,לא ידוע,<15,<15,<15,0,
22/11/2020,28/11/2020,25-29,זכר,11573,10729,240,0,
22/11/2020,28/11/2020,25-29,לא ידוע,28,28,0,0,
22/11/2020,28/11/2020,25-29,נקבה,13200,12417,312,0,
22/11/2020,28/11/2020,30-34,נקבה,14143,13230,312,0,
22/11/2020,28/11/2020,30-34,זכר,12289,11530,236,0,
22/11/2020,28/11/2020,30-34,לא ידוע,45,44,0,0,
22/11/2020,28/11/2020,35-39,זכר,12040,11354,242,0,
22/11/2020,28/11/2020,35-39,נקבה,14006,13041,270,0,
22/11/2020,28/11/2020,35-39,לא ידוע,48,46,0,0,
22/11/2020,28/11/2020,40-44,לא ידוע,37,34,0,0,
22/11/2020,28/11/2020,40-44,זכר,11502,10808,220,0,
22/11/2020,28/11/2020,40-44,נקבה,13719,12741,243,0,
22/11/2020,28/11/2020,45-49,לא ידוע,39,37,0,0,
22/11/2020,28/11/2020,45-49,זכר,10801,10169,202,0,
22/11/2020,28/11/2020,45-49,נקבה,13470,12478,250,<15,
22/11/2020,28/11/2020,50-54,זכר,9404,8819,190,0,
22/11/2020,28/11/2020,50-54,לא ידוע,29,26,0,0,
22/11/2020,28/11/2020,50-54,נקבה,12136,11200,215,0,
22/11/2020,28/11/2020,55-59,נקבה,10739,9823,185,0,
22/11/2020,28/11/2020,55-59,לא ידוע,<15,<15,0,0,
22/11/2020,28/11/2020,55-59,זכר,8186,7674,160,0,
22/11/2020,28/11/2020,60-64,לא ידוע,<15,<15,0,0,
22/11/2020,28/11/2020,60-64,נקבה,10124,9041,144,0,
22/11/2020,28/11/2020,60-64,זכר,7507,6995,134,<15,
22/11/2020,28/11/2020,65-69,לא ידוע,<15,<15,0,0,
22/11/2020,28/11/2020,65-69,נקבה,7509,6842,136,0,
22/11/2020,28/11/2020,65-69,זכר,6416,5987,104,<15,
22/11/2020,28/11/2020,70-74,לא ידוע,<15,<15,0,0,
22/11/2020,28/11/2020,70-74,נקבה,5590,5071,84,<15,
22/11/2020,28/11/2020,70-74,זכר,4942,4610,112,<15,
22/11/2020,28/11/2020,75-79,לא ידוע,<15,<15,0,0,
22/11/2020,28/11/2020,75-79,זכר,2544,2302,77,<15,
22/11/2020,28/11/2020,75-79,נקבה,2908,2598,45,<15,
22/11/2020,28/11/2020,80+,נקבה,7277,6206,118,<15,
22/11/2020,28/11/2020,80+,זכר,3913,3426,69,<15,
22/11/2020,28/11/2020,80+,לא ידוע,<15,<15,0,0,
22/11/2020,28/11/2020,NULL,זכר,3193,3015,51,0,
22/11/2020,28/11/2020,NULL,נקבה,2208,2126,34,0,
22/11/2020,28/11/2020,NULL,לא ידוע,1688,675,26,0,
29/11/2020,05/12/2020,0-19,נקבה,45801,38017,1195,0,
29/11/2020,05/12/2020,0-19,זכר,52666,42303,1253,0,
29/11/2020,05/12/2020,0-19,לא ידוע,192,156,<15,0,
29/11/2020,05/12/2020,20-24,נקבה,13357,10034,476,0,
29/11/2020,05/12/2020,20-24,זכר,13482,9780,372,0,
29/11/2020,05/12/2020,20-24,לא ידוע,31,30,0,0,
29/11/2020,05/12/2020,25-29,זכר,12985,9405,323,0,
29/11/2020,05/12/2020,25-29,לא ידוע,39,29,<15,0,
29/11/2020,05/12/2020,25-29,נקבה,15127,11097,454,0,
29/11/2020,05/12/2020,30-34,נקבה,16351,11692,383,0,
29/11/2020,05/12/2020,30-34,זכר,13844,10115,315,0,
29/11/2020,05/12/2020,30-34,לא ידוע,49,33,<15,0,
29/11/2020,05/12/2020,35-39,זכר,13292,9767,294,<15,
29/11/2020,05/12/2020,35-39,נקבה,15860,10998,369,0,
29/11/2020,05/12/2020,35-39,לא ידוע,48,36,0,0,
29/11/2020,05/12/2020,40-44,לא ידוע,46,23,<15,0,
29/11/2020,05/12/2020,40-44,זכר,13052,9544,275,0,
29/11/2020,05/12/2020,40-44,נקבה,15951,10767,363,0,
29/11/2020,05/12/2020,45-49,לא ידוע,47,28,0,0,
29/11/2020,05/12/2020,45-49,זכר,12314,9009,297,0,
29/11/2020,05/12/2020,45-49,נקבה,15462,10046,302,0,
29/11/2020,05/12/2020,50-54,זכר,10383,7415,227,<15,
29/11/2020,05/12/2020,50-54,לא ידוע,27,17,0,0,
29/11/2020,05/12/2020,50-54,נקבה,13555,8249,313,0,
29/11/2020,05/12/2020,55-59,נקבה,12038,7181,258,0,
29/11/2020,05/12/2020,55-59,לא ידוע,19,<15,0,0,
29/11/2020,05/12/2020,55-59,זכר,9158,6485,218,<15,
29/11/2020,05/12/2020,60-64,לא ידוע,<15,<15,0,0,
29/11/2020,05/12/2020,60-64,נקבה,11395,6554,198,<15,
29/11/2020,05/12/2020,60-64,זכר,8329,5880,199,<15,
29/11/2020,05/12/2020,65-69,לא ידוע,<15,<15,0,0,
29/11/2020,05/12/2020,65-69,נקבה,8441,5243,171,<15,
29/11/2020,05/12/2020,65-69,זכר,7151,5234,165,<15,
29/11/2020,05/12/2020,70-74,לא ידוע,<15,<15,0,0,
29/11/2020,05/12/2020,70-74,נקבה,6229,4029,125,<15,
29/11/2020,05/12/2020,70-74,זכר,5580,4155,139,<15,
29/11/2020,05/12/2020,75-79,לא ידוע,<15,<15,0,0,
29/11/2020,05/12/2020,75-79,זכר,2978,2204,84,<15,
29/11/2020,05/12/2020,75-79,נקבה,3485,2331,86,0,
29/11/2020,05/12/2020,80+,נקבה,9750,6290,147,<15,
29/11/2020,05/12/2020,80+,זכר,5027,3490,103,<15,
29/11/2020,05/12/2020,80+,לא ידוע,20,19,0,0,
29/11/2020,05/12/2020,NULL,זכר,3426,2888,52,0,
29/11/2020,05/12/2020,NULL,נקבה,2227,1972,31,0,
29/11/2020,05/12/2020,NULL,לא ידוע,1207,626,16,0,
06/12/2020,12/12/2020,0-19,נקבה,60016,45109,1674,0,
06/12/2020,12/12/2020,0-19,זכר,67406,48087,1613,0,
06/12/2020,12/12/2020,0-19,לא ידוע,278,232,<15,0,
06/12/2020,12/12/2020,20-24,נקבה,15400,10546,572,0,
06/12/2020,12/12/2020,20-24,זכר,15301,9616,510,0,
06/12/2020,12/12/2020,20-24,לא ידוע,38,33,0,0,
06/12/2020,12/12/2020,25-29,זכר,14576,9695,443,<15,
06/12/2020,12/12/2020,25-29,לא ידוע,33,24,<15,0,
06/12/2020,12/12/2020,25-29,נקבה,17633,11874,588,0,
06/12/2020,12/12/2020,30-34,נקבה,18901,12394,525,0,
06/12/2020,12/12/2020,30-34,זכר,15712,10302,457,0,
06/12/2020,12/12/2020,30-34,לא ידוע,52,31,0,0,
06/12/2020,12/12/2020,35-39,זכר,15596,10255,393,0,
06/12/2020,12/12/2020,35-39,נקבה,18841,12209,452,0,
06/12/2020,12/12/2020,35-39,לא ידוע,65,37,0,0,
06/12/2020,12/12/2020,40-44,לא ידוע,62,40,<15,0,
06/12/2020,12/12/2020,40-44,זכר,15303,10018,406,0,
06/12/2020,12/12/2020,40-44,נקבה,18785,11738,477,0,
06/12/2020,12/12/2020,45-49,לא ידוע,36,17,<15,0,
06/12/2020,12/12/2020,45-49,זכר,14319,9406,350,0,
06/12/2020,12/12/2020,45-49,נקבה,17961,10657,452,<15,
06/12/2020,12/12/2020,50-54,זכר,12216,7928,344,<15,
06/12/2020,12/12/2020,50-54,לא ידוע,29,20,<15,0,
06/12/2020,12/12/2020,50-54,נקבה,15044,8484,351,<15,
06/12/2020,12/12/2020,55-59,נקבה,12852,6821,303,<15,
06/12/2020,12/12/2020,55-59,לא ידוע,21,17,0,0,
06/12/2020,12/12/2020,55-59,זכר,10009,6329,278,0,
06/12/2020,12/12/2020,60-64,לא ידוע,18,16,0,0,
06/12/2020,12/12/2020,60-64,נקבה,11623,6023,245,<15,
06/12/2020,12/12/2020,60-64,זכר,9242,5870,260,<15,
06/12/2020,12/12/2020,65-69,לא ידוע,<15,<15,0,0,
06/12/2020,12/12/2020,65-69,נקבה,8381,4601,169,<15,
06/12/2020,12/12/2020,65-69,זכר,7812,5015,223,<15,
06/12/2020,12/12/2020,70-74,לא ידוע,<15,<15,0,0,
06/12/2020,12/12/2020,70-74,נקבה,6300,3594,128,<15,
06/12/2020,12/12/2020,70-74,זכר,5696,3638,143,<15,
06/12/2020,12/12/2020,75-79,לא ידוע,<15,<15,0,0,
06/12/2020,12/12/2020,75-79,זכר,3094,1976,96,<15,
06/12/2020,12/12/2020,75-79,נקבה,3470,2059,86,<15,
06/12/2020,12/12/2020,80+,נקבה,10952,5050,203,25,
06/12/2020,12/12/2020,80+,זכר,5524,2972,116,<15,
06/12/2020,12/12/2020,80+,לא ידוע,25,25,0,0,
06/12/2020,12/12/2020,NULL,זכר,3853,3022,79,0,
06/12/2020,12/12/2020,NULL,נקבה,2573,2205,40,0,
06/12/2020,12/12/2020,NULL,לא ידוע,1384,685,20,0,
20/12/2020,26/12/2020,0-19,נקבה,88349,74588,4101,0,
20/12/2020,26/12/2020,0-19,לא ידוע,372,352,<15,0,
20/12/2020,26/12/2020,0-19,זכר,104014,86523,4000,0,
20/12/2020,26/12/2020,20-24,זכר,25065,21368,1198,<15,
20/12/2020,26/12/2020,20-24,נקבה,23087,20451,1384,0,
20/12/2020,26/12/2020,20-24,לא ידוע,69,68,0,0,
20/12/2020,26/12/2020,25-29,לא ידוע,28,27,<15,0,
20/12/2020,26/12/2020,25-29,זכר,21105,18718,1039,0,
20/12/2020,26/12/2020,25-29,נקבה,23831,21362,1282,0,
20/12/2020,26/12/2020,30-34,לא ידוע,48,43,<15,0,
20/12/2020,26/12/2020,30-34,נקבה,24501,21876,1058,0,
20/12/2020,26/12/2020,30-34,זכר,21151,18756,1007,0,
20/12/2020,26/12/2020,35-39,לא ידוע,38,34,<15,0,
20/12/2020,26/12/2020,35-39,זכר,20848,18377,892,0,
20/12/2020,26/12/2020,35-39,נקבה,23854,21194,937,0,
20/12/2020,26/12/2020,40-44,נקבה,22989,20488,1020,0,
20/12/2020,26/12/2020,40-44,זכר,19698,17378,827,0,
20/12/2020,26/12/2020,40-44,לא ידוע,28,26,<15,0,
20/12/2020,26/12/2020,45-49,זכר,18506,16378,791,0,
20/12/2020,26/12/2020,45-49,לא ידוע,27,26,<15,0,
20/12/2020,26/12/2020,45-49,נקבה,21774,19466,932,0,
20/12/2020,26/12/2020,50-54,זכר,15175,13543,689,<15,
20/12/2020,26/12/2020,50-54,נקבה,18270,16354,737,0,
20/12/2020,26/12/2020,50-54,לא ידוע,<15,<15,<15,0,
20/12/2020,26/12/2020,55-59,זכר,12500,11234,603,<15,
20/12/2020,26/12/2020,55-59,נקבה,15593,14037,619,0,
20/12/2020,26/12/2020,55-59,לא ידוע,<15,<15,0,0,
20/12/2020,26/12/2020,60-64,לא ידוע,24,24,<15,0,
20/12/2020,26/12/2020,60-64,נקבה,13955,12613,505,<15,
20/12/2020,26/12/2020,60-64,זכר,11227,10051,529,<15,
20/12/2020,26/12/2020,65-69,לא ידוע,<15,<15,0,0,
20/12/2020,26/12/2020,65-69,זכר,9346,8376,507,<15,
20/12/2020,26/12/2020,65-69,נקבה,10219,9338,386,<15,
20/12/2020,26/12/2020,70-74,נקבה,7932,7149,277,0,
20/12/2020,26/12/2020,70-74,זכר,6892,6201,313,<15,
20/12/2020,26/12/2020,70-74,לא ידוע,<15,<15,0,0,
20/12/2020,26/12/2020,75-79,נקבה,4517,3995,199,<15,
20/12/2020,26/12/2020,75-79,זכר,3690,3259,189,<15,
20/12/2020,26/12/2020,75-79,לא ידוע,<15,<15,0,0,
20/12/2020,26/12/2020,80+,לא ידוע,<15,<15,0,0,
20/12/2020,26/12/2020,80+,נקבה,14332,11530,403,<15,
20/12/2020,26/12/2020,80+,זכר,6837,5657,250,<15,
20/12/2020,26/12/2020,NULL,זכר,3853,3504,101,0,
20/12/2020,26/12/2020,NULL,נקבה,2752,2659,100,0,
20/12/2020,26/12/2020,NULL,לא ידוע,2062,1320,66,0,
27/12/2020,02/01/2021,0-19,נקבה,114268,76327,5986,0,
27/12/2020,02/01/2021,0-19,לא ידוע,363,264,26,0,
27/12/2020,02/01/2021,0-19,זכר,122512,79029,6614,0,
27/12/2020,02/01/2021,20-24,זכר,21633,13363,1697,<15,
27/12/2020,02/01/2021,20-24,נקבה,23416,15413,1791,0,
27/12/2020,02/01/2021,20-24,לא ידוע,37,22,<15,0,
27/12/2020,02/01/2021,25-29,לא ידוע,25,20,<15,0,
27/12/2020,02/01/2021,25-29,זכר,19652,12821,1420,<15,
27/12/2020,02/01/2021,25-29,נקבה,25072,16337,1595,0,
27/12/2020,02/01/2021,30-34,לא ידוע,41,30,<15,0,
27/12/2020,02/01/2021,30-34,נקבה,27029,17453,1434,0,
27/12/2020,02/01/2021,30-34,זכר,21198,13960,1303,0,
27/12/2020,02/01/2021,35-39,לא ידוע,33,21,<15,0,
27/12/2020,02/01/2021,35-39,זכר,21831,14385,1183,0,
27/12/2020,02/01/2021,35-39,נקבה,27483,17640,1313,0,
27/12/2020,02/01/2021,40-44,נקבה,25868,16169,1217,<15,
27/12/2020,02/01/2021,40-44,זכר,20083,13238,1051,0,
27/12/2020,02/01/2021,40-44,לא ידוע,43,30,<15,0,
27/12/2020,02/01/2021,45-49,זכר,17466,11442,981,<15,
27/12/2020,02/01/2021,45-49,לא ידוע,36,21,<15,0,
27/12/2020,02/01/2021,45-49,נקבה,22889,13989,1111,<15,
27/12/2020,02/01/2021,50-54,זכר,13837,8891,921,<15,
27/12/2020,02/01/2021,50-54,נקבה,18182,10525,960,0,
27/12/2020,02/01/2021,50-54,לא ידוע,29,21,0,0,
27/12/2020,02/01/2021,55-59,זכר,11174,7086,719,<15,
27/12/2020,02/01/2021,55-59,נקבה,15384,8566,810,<15,
27/12/2020,02/01/2021,55-59,לא ידוע,<15,<15,<15,0,
27/12/2020,02/01/2021,60-64,לא ידוע,35,20,0,0,
27/12/2020,02/01/2021,60-64,נקבה,13001,6846,639,<15,
27/12/2020,02/01/2021,60-64,זכר,9452,5992,658,<15,
27/12/2020,02/01/2021,65-69,לא ידוע,<15,<15,<15,0,
27/12/2020,02/01/2021,65-69,זכר,7858,4958,525,<15,
27/12/2020,02/01/2021,65-69,נקבה,9197,5141,520,<15,
27/12/2020,02/01/2021,70-74,נקבה,7015,3925,357,<15,
27/12/2020,02/01/2021,70-74,זכר,5863,3659,398,<15,
27/12/2020,02/01/2021,70-74,לא ידוע,<15,<15,0,0,
27/12/2020,02/01/2021,75-79,נקבה,3990,2310,213,<15,
27/12/2020,02/01/2021,75-79,זכר,3293,2020,212,<15,
27/12/2020,02/01/2021,75-79,לא ידוע,<15,<15,0,0,
27/12/2020,02/01/2021,80+,לא ידוע,<15,<15,0,0,
27/12/2020,02/01/2021,80+,נקבה,13129,6344,434,32,
27/12/2020,02/01/2021,80+,זכר,6107,3310,312,38,
27/12/2020,02/01/2021,NULL,זכר,3137,2550,143,<15,
27/12/2020,02/01/2021,NULL,נקבה,3069,2530,194,0,
27/12/2020,02/01/2021,NULL,לא ידוע,3148,1750,170,0,
03/01/2021,09/01/2021,0-19,נקבה,133450,80533,8782,0,
03/01/2021,09/01/2021,0-19,לא ידוע,373,284,43,0,
03/01/2021,09/01/2021,0-19,זכר,141564,82406,9408,0,
03/01/2021,09/01/2021,20-24,זכר,23456,13614,2478,0,
03/01/2021,09/01/2021,20-24,נקבה,25771,15831,2529,0,
03/01/2021,09/01/2021,20-24,לא ידוע,21,17,<15,0,
03/01/2021,09/01/2021,25-29,לא ידוע,30,25,<15,0,
03/01/2021,09/01/2021,25-29,זכר,21535,12959,1911,0,
03/01/2021,09/01/2021,25-29,נקבה,27293,15975,2052,<15,
03/01/2021,09/01/2021,30-34,לא ידוע,49,27,<15,0,
03/01/2021,09/01/2021,30-34,נקבה,30242,17130,1829,0,
03/01/2021,09/01/2021,30-34,זכר,23413,14011,1753,<15,
03/01/2021,09/01/2021,35-39,לא ידוע,50,35,<15,0,
03/01/2021,09/01/2021,35-39,זכר,24716,14477,1591,0,
03/01/2021,09/01/2021,35-39,נקבה,31868,17806,1808,0,
03/01/2021,09/01/2021,40-44,נקבה,29463,16122,1694,<15,
03/01/2021,09/01/2021,40-44,זכר,22909,13564,1460,<15,
03/01/2021,09/01/2021,40-44,לא ידוע,35,24,<15,0,
03/01/2021,09/01/2021,45-49,זכר,19808,11751,1442,0,
03/01/2021,09/01/2021,45-49,לא ידוע,32,16,<15,0,
03/01/2021,09/01/2021,45-49,נקבה,26130,13932,1507,<15,
03/01/2021,09/01/2021,50-54,זכר,15029,8808,1057,<15,
03/01/2021,09/01/2021,50-54,נקבה,20182,10362,1205,0,
03/01/2021,09/01/2021,50-54,לא ידוע,19,<15,0,0,
03/01/2021,09/01/2021,55-59,זכר,11980,7019,957,<15,
03/01/2021,09/01/2021,55-59,נקבה,16807,8398,1097,0,
03/01/2021,09/01/2021,55-59,לא ידוע,15,<15,<15,0,
03/01/2021,09/01/2021,60-64,לא ידוע,28,<15,<15,0,
03/01/2021,09/01/2021,60-64,נקבה,14630,6789,854,<15,
03/01/2021,09/01/2021,60-64,זכר,10464,5960,809,<15,
03/01/2021,09/01/2021,65-69,לא ידוע,<15,<15,0,0,
03/01/2021,09/01/2021,65-69,זכר,8663,5050,672,<15,
03/01/2021,09/01/2021,65-69,נקבה,9901,5014,648,<15,
03/01/2021,09/01/2021,70-74,נקבה,7525,3776,483,<15,
03/01/2021,09/01/2021,70-74,זכר,6268,3575,444,19,
03/01/2021,09/01/2021,70-74,לא ידוע,<15,<15,0,0,
03/01/2021,09/01/2021,75-79,נקבה,4552,2281,239,<15,
03/01/2021,09/01/2021,75-79,זכר,3544,1917,251,19,
03/01/2021,09/01/2021,75-79,לא ידוע,<15,<15,0,0,
03/01/2021,09/01/2021,80+,לא ידוע,15,<15,0,0,
03/01/2021,09/01/2021,80+,נקבה,16732,6067,700,59,
03/01/2021,09/01/2021,80+,זכר,7257,3135,444,67,
03/01/2021,09/01/2021,NULL,זכר,3985,3275,235,0,
03/01/2021,09/01/2021,NULL,נקבה,3421,2807,181,0,
03/01/2021,09/01/2021,NULL,לא ידוע,2976,1197,165,0,
17/01/2021,23/01/2021,0-19,נקבה,76437,65871,9943,0,
17/01/2021,23/01/2021,0-19,זכר,82360,70765,10074,0,
17/01/2021,23/01/2021,0-19,לא ידוע,194,170,27,0,
17/01/2021,23/01/2021,20-24,זכר,25313,21569,2275,0,
17/01/2021,23/01/2021,20-24,נקבה,25811,22155,2621,0,
17/01/2021,23/01/2021,20-24,לא ידוע,33,32,<15,0,
17/01/2021,23/01/2021,25-29,זכר,19994,17451,1845,0,
17/01/2021,23/01/2021,25-29,לא ידוע,38,35,0,0,
17/01/2021,23/01/2021,25-29,נקבה,22747,20005,2083,0,
17/01/2021,23/01/2021,30-34,זכר,20095,17476,1625,0,
17/01/2021,23/01/2021,30-34,לא ידוע,36,35,<15,0,
17/01/2021,23/01/2021,30-34,נקבה,22093,19422,1787,<15,
17/01/2021,23/01/2021,35-39,נקבה,20869,18350,1733,<15,
17/01/2021,23/01/2021,35-39,זכר,18792,16147,1530,0,
17/01/2021,23/01/2021,35-39,לא ידוע,25,24,<15,0,
17/01/2021,23/01/2021,40-44,נקבה,20296,17685,1510,<15,
17/01/2021,23/01/2021,40-44,זכר,17408,14898,1419,<15,
17/01/2021,23/01/2021,40-44,לא ידוע,22,20,<15,0,
17/01/2021,23/01/2021,45-49,לא ידוע,<15,<15,0,0,
17/01/2021,23/01/2021,45-49,נקבה,19829,17242,1429,0,
17/01/2021,23/01/2021,45-49,זכר,16036,13739,1330,<15,
17/01/2021,23/01/2021,50-54,לא ידוע,<15,<15,0,0,
17/01/2021,23/01/2021,50-54,זכר,13617,11765,1120,<15,
17/01/2021,23/01/2021,50-54,נקבה,17195,15049,1195,0,
17/01/2021,23/01/2021,55-59,לא ידוע,<15,<15,<15,0,
17/01/2021,23/01/2021,55-59,נקבה,14778,12983,983,0,
17/01/2021,23/01/2021,55-59,זכר,11644,10064,938,<15,
17/01/2021,23/01/2021,60-64,זכר,10111,8739,789,<15,
17/01/2021,23/01/2021,60-64,לא ידוע,<15,<15,<15,0,
17/01/2021,23/01/2021,60-64,נקבה,12703,11209,742,<15,
17/01/2021,23/01/2021,65-69,זכר,7863,6816,650,<15,
17/01/2021,23/01/2021,65-69,לא ידוע,<15,<15,<15,0,
17/01/2021,23/01/2021,65-69,נקבה,9335,8259,649,<15,
17/01/2021,23/01/2021,70-74,נקבה,7379,6490,476,<15,
17/01/2021,23/01/2021,70-74,זכר,5748,4944,446,<15,
17/01/2021,23/01/2021,70-74,לא ידוע,<15,<15,0,0,
17/01/2021,23/01/2021,75-79,נקבה,4510,3854,323,<15,
17/01/2021,23/01/2021,75-79,זכר,3249,2751,277,<15,
17/01/2021,23/01/2021,75-79,לא ידוע,<15,<15,0,0,
17/01/2021,23/01/2021,80+,נקבה,15080,12200,875,40,
17/01/2021,23/01/2021,80+,זכר,6562,5361,485,34,
17/01/2021,23/01/2021,80+,לא ידוע,<15,<15,0,0,
17/01/2021,23/01/2021,NULL,נקבה,2831,2638,225,0,
17/01/2021,23/01/2021,NULL,זכר,3330,3032,202,0,
17/01/2021,23/01/2021,NULL,לא ידוע,1229,930,91,0,
24/01/2021,30/01/2021,0-19,נקבה,70081,43384,9267,0,
24/01/2021,30/01/2021,0-19,זכר,75895,46629,9349,<15,
24/01/2021,30/01/2021,0-19,לא ידוע,227,159,42,0,
24/01/2021,30/01/2021,20-24,זכר,23821,14614,2307,<15,
24/01/2021,30/01/2021,20-24,נקבה,23862,14850,2408,0,
24/01/2021,30/01/2021,20-24,לא ידוע,35,31,<15,0,
24/01/2021,30/01/2021,25-29,זכר,18743,11687,1737,0,
24/01/2021,30/01/2021,25-29,לא ידוע,38,32,0,0,
24/01/2021,30/01/2021,25-29,נקבה,20949,12948,1952,0,
24/01/2021,30/01/2021,30-34,זכר,18151,11171,1513,0,
24/01/2021,30/01/2021,30-34,לא ידוע,80,68,<15,0,
24/01/2021,30/01/2021,30-34,נקבה,19838,11915,1590,0,
24/01/2021,30/01/2021,35-39,נקבה,18258,10741,1410,0,
24/01/2021,30/01/2021,35-39,זכר,16140,9870,1393,0,
24/01/2021,30/01/2021,35-39,לא ידוע,43,34,<15,0,
24/01/2021,30/01/2021,40-44,נקבה,17811,9990,1363,0,
24/01/2021,30/01/2021,40-44,זכר,14459,8804,1199,<15,
24/01/2021,30/01/2021,40-44,לא ידוע,40,28,0,0,
24/01/2021,30/01/2021,45-49,לא ידוע,33,25,<15,0,
24/01/2021,30/01/2021,45-49,נקבה,17477,9358,1278,0,
24/01/2021,30/01/2021,45-49,זכר,13865,8461,1208,<15,
24/01/2021,30/01/2021,50-54,לא ידוע,21,<15,0,0,
24/01/2021,30/01/2021,50-54,זכר,11711,6988,934,<15,
24/01/2021,30/01/2021,50-54,נקבה,15395,7914,1040,<15,
24/01/2021,30/01/2021,55-59,לא ידוע,16,<15,0,0,
24/01/2021,30/01/2021,55-59,נקבה,13208,6619,851,<15,
24/01/2021,30/01/2021,55-59,זכר,9874,5685,780,<15,
24/01/2021,30/01/2021,60-64,זכר,8092,4657,605,16,
24/01/2021,30/01/2021,60-64,לא ידוע,<15,<15,<15,0,
24/01/2021,30/01/2021,60-64,נקבה,11018,5123,594,<15,
24/01/2021,30/01/2021,65-69,זכר,6268,3554,433,16,
24/01/2021,30/01/2021,65-69,לא ידוע,<15,<15,0,0,
24/01/2021,30/01/2021,65-69,נקבה,7769,3847,488,<15,
24/01/2021,30/01/2021,70-74,נקבה,6239,3121,355,<15,
24/01/2021,30/01/2021,70-74,זכר,4880,2729,310,20,
24/01/2021,30/01/2021,70-74,לא ידוע,<15,<15,<15,0,
24/01/2021,30/01/2021,75-79,נקבה,3625,1831,240,17,
24/01/2021,30/01/2021,75-79,זכר,2694,1475,180,25,
24/01/2021,30/01/2021,75-79,לא ידוע,<15,<15,0,0,
24/01/2021,30/01/2021,80+,נקבה,11739,4671,577,78,
24/01/2021,30/01/2021,80+,זכר,5729,2704,379,63,
24/01/2021,30/01/2021,80+,לא ידוע,<15,<15,0,0,
24/01/2021,30/01/2021,NULL,נקבה,2394,1980,170,0,
24/01/2021,30/01/2021,NULL,זכר,3244,2587,239,0,
24/01/2021,30/01/2021,NULL,לא ידוע,1087,482,63,0,
31/01/2021,06/02/2021,0-19,נקבה,75401,42487,9262,0,
31/01/2021,06/02/2021,0-19,זכר,85087,48226,9842,0,
31/01/2021,06/02/2021,0-19,לא ידוע,225,143,34,0,
31/01/2021,06/02/2021,20-24,זכר,27528,15353,2314,<15,
31/01/2021,06/02/2021,20-24,נקבה,25795,14069,2560,0,
31/01/2021,06/02/2021,20-24,לא ידוע,82,72,<15,0,
31/01/2021,06/02/2021,25-29,זכר,19818,11260,1823,0,
31/01/2021,06/02/2021,25-29,לא ידוע,94,70,<15,0,
31/01/2021,06/02/2021,25-29,נקבה,22202,12243,1984,0,
31/01/2021,06/02/2021,30-34,זכר,18809,10692,1642,0,
31/01/2021,06/02/2021,30-34,לא ידוע,107,73,<15,0,
31/01/2021,06/02/2021,30-34,נקבה,21171,11396,1712,<15,
31/01/2021,06/02/2021,35-39,נקבה,18986,9853,1552,0,
31/01/2021,06/02/2021,35-39,זכר,16488,9288,1345,<15,
31/01/2021,06/02/2021,35-39,לא ידוע,58,45,<15,0,
31/01/2021,06/02/2021,40-44,נקבה,18717,9489,1438,<15,
31/01/2021,06/02/2021,40-44,זכר,15099,8447,1209,<15,
31/01/2021,06/02/2021,40-44,לא ידוע,59,43,<15,0,
31/01/2021,06/02/2021,45-49,לא ידוע,32,24,0,0,
31/01/2021,06/02/2021,45-49,נקבה,18722,9119,1207,<15,
31/01/2021,06/02/2021,45-49,זכר,14311,7903,1130,<15,
31/01/2021,06/02/2021,50-54,לא ידוע,23,17,<15,0,
31/01/2021,06/02/2021,50-54,זכר,12171,6592,964,0,
31/01/2021,06/02/2021,50-54,נקבה,16158,7412,969,<15,
31/01/2021,06/02/2021,55-59,לא ידוע,15,<15,0,0,
31/01/2021,06/02/2021,55-59,נקבה,13276,5665,716,<15,
31/01/2021,06/02/2021,55-59,זכר,9781,5253,704,<15,
31/01/2021,06/02/2021,60-64,זכר,7578,3965,466,<15,
31/01/2021,06/02/2021,60-64,לא ידוע,19,<15,0,0,
31/01/2021,06/02/2021,60-64,נקבה,10914,4337,521,<15,
31/01/2021,06/02/2021,65-69,זכר,6034,3197,342,<15,
31/01/2021,06/02/2021,65-69,לא ידוע,<15,<15,0,0,
31/01/2021,06/02/2021,65-69,נקבה,7625,3349,359,<15,
31/01/2021,06/02/2021,70-74,נקבה,5987,2614,274,<15,
31/01/2021,06/02/2021,70-74,זכר,4544,2373,247,27,
31/01/2021,06/02/2021,70-74,לא ידוע,<15,<15,0,0,
31/01/2021,06/02/2021,75-79,נקבה,3574,1646,183,<15,
31/01/2021,06/02/2021,75-79,זכר,2717,1345,148,17,
31/01/2021,06/02/2021,75-79,לא ידוע,<15,<15,0,0,
31/01/2021,06/02/2021,80+,נקבה,10881,4063,425,86,
31/01/2021,06/02/2021,80+,זכר,5178,2246,268,88,
31/01/2021,06/02/2021,80+,לא ידוע,<15,<15,0,0,
31/01/2021,06/02/2021,NULL,נקבה,2306,1743,223,0,
31/01/2021,06/02/2021,NULL,זכר,2323,1678,157,0,
31/01/2021,06/02/2021,NULL,לא ידוע,1261,597,77,0,
